transaction_id,ground_truth_status,ground_truth_reason,expected_exception_category
TXN9001,REVIEW,Requires human review: DUPLICATE_TRANSACTION,DUPLICATE_TRANSACTION
TXN9002,MATCHED,Exact match or verified fee/refund adjustments,FEE_ADJUSTED
TXN9003,EXCEPTION,Unresolved exception: AMOUNT_MISMATCH,AMOUNT_MISMATCH
TXN9004,MATCHED,Exact match or verified fee/refund adjustments,FEE_ADJUSTED
TXN9005,MATCHED,Exact match or verified fee/refund adjustments,FEE_ADJUSTED
TXN9006,MATCHED,Exact match or verified fee/refund adjustments,EXACT_MATCH
TXN9007,MATCHED,Exact match or verified fee/refund adjustments,EXACT_MATCH
TXN9008,EXCEPTION,Unresolved exception: MISSING_SETTLEMENT,MISSING_SETTLEMENT
TXN9009,MATCHED,Exact match or verified fee/refund adjustments,EXACT_MATCH
TXN9010,MATCHED,Exact match or verified fee/refund adjustments,EXACT_MATCH
TXN9011,MATCHED,Exact match or verified fee/refund adjustments,EXACT_MATCH
TXN9012,MATCHED,Exact match or verified fee/refund adjustments,EXACT_MATCH
TXN9013,EXCEPTION,Unresolved exception: AMOUNT_MISMATCH,AMOUNT_MISMATCH
TXN9014,MATCHED,Exact match or verified fee/refund adjustments,EXACT_MATCH
TXN9015,REVIEW,Requires human review: PARTIAL_SETTLEMENT,PARTIAL_SETTLEMENT
TXN9016,MATCHED,Exact match or verified fee/refund adjustments,EXACT_MATCH
TXN9017,EXCEPTION,Unresolved exception: MISSING_SETTLEMENT,MISSING_SETTLEMENT
TXN9018,EXCEPTION,Unresolved exception: MISSING_SETTLEMENT,MISSING_SETTLEMENT
TXN9019,MATCHED,Exact match or verified fee/refund adjustments,EXACT_MATCH
TXN9020,MATCHED,Exact match or verified fee/refund adjustments,EXACT_MATCH
TXN9021,MATCHED,Exact match or verified fee/refund adjustments,REFUND_ADJUSTED
TXN9022,REVIEW,Requires human review: PARTIAL_SETTLEMENT,PARTIAL_SETTLEMENT
TXN9023,MATCHED,Exact match or verified fee/refund adjustments,EXACT_MATCH
TXN9024,MATCHED,Exact match or verified fee/refund adjustments,FEE_ADJUSTED
TXN9025,EXCEPTION,Unresolved exception: AMOUNT_MISMATCH,AMOUNT_MISMATCH
TXN9026,MATCHED,Exact match or verified fee/refund adjustments,EXACT_MATCH
TXN9027,MATCHED,Exact match or verified fee/refund adjustments,FEE_ADJUSTED
TXN9028,EXCEPTION,Unresolved exception: UNKNOWN_TRANSACTION,UNKNOWN_TRANSACTION
TXN9029,MATCHED,Exact match or verified fee/refund adjustments,EXACT_MATCH
TXN9030,EXCEPTION,Unresolved exception: AMOUNT_MISMATCH,AMOUNT_MISMATCH
TXN9031,MATCHED,Exact match or verified fee/refund adjustments,EXACT_MATCH
TXN9032,MATCHED,Exact match or verified fee/refund adjustments,FEE_ADJUSTED
TXN9033,REVIEW,Requires human review: DUPLICATE_TRANSACTION,DUPLICATE_TRANSACTION
TXN9034,MATCHED,Exact match or verified fee/refund adjustments,EXACT_MATCH
TXN9035,EXCEPTION,Unresolved exception: UNKNOWN_TRANSACTION,UNKNOWN_TRANSACTION
TXN9036,MATCHED,Exact match or verified fee/refund adjustments,EXACT_MATCH
TXN9037,EXCEPTION,Unresolved exception: AMOUNT_MISMATCH,AMOUNT_MISMATCH
TXN9038,EXCEPTION,Unresolved exception: AMOUNT_MISMATCH,AMOUNT_MISMATCH
TXN9039,MATCHED,Exact match or verified fee/refund adjustments,EXACT_MATCH
TXN9040,MATCHED,Exact match or verified fee/refund adjustments,EXACT_MATCH
TXN9041,MATCHED,Exact match or verified fee/refund adjustments,FEE_ADJUSTED
TXN9042,MATCHED,Exact match or verified fee/refund adjustments,EXACT_MATCH
TXN9043,MATCHED,Exact match or verified fee/refund adjustments,EXACT_MATCH
TXN9044,EXCEPTION,Unresolved exception: UNKNOWN_TRANSACTION,UNKNOWN_TRANSACTION
TXN9045,MATCHED,Exact match or verified fee/refund adjustments,EXACT_MATCH
TXN9046,MATCHED,Exact match or verified fee/refund adjustments,EXACT_MATCH
TXN9047,EXCEPTION,Unresolved exception: MISSING_SETTLEMENT,MISSING_SETTLEMENT
TXN9048,MATCHED,Exact match or verified fee/refund adjustments,EXACT_MATCH
TXN9049,MATCHED,Exact match or verified fee/refund adjustments,REFUND_ADJUSTED
TXN9050,MATCHED,Exact match or verified fee/refund adjustments,EXACT_MATCH
TXN9051,MATCHED,Exact match or verified fee/refund adjustments,EXACT_MATCH
TXN9052,MATCHED,Exact match or verified fee/refund adjustments,EXACT_MATCH
TXN9053,MATCHED,Exact match or verified fee/refund adjustments,EXACT_MATCH
TXN9054,MATCHED,Exact match or verified fee/refund adjustments,EXACT_MATCH
TXN9055,MATCHED,Exact match or verified fee/refund adjustments,EXACT_MATCH
TXN9056,EXCEPTION,Unresolved exception: MISSING_SETTLEMENT,MISSING_SETTLEMENT
TXN9057,MATCHED,Exact match or verified fee/refund adjustments,EXACT_MATCH
TXN9058,MATCHED,Exact match or verified fee/refund adjustments,REFUND_ADJUSTED
TXN9059,MATCHED,Exact match or verified fee/refund adjustments,EXACT_MATCH
TXN9060,REVIEW,Requires human review: PARTIAL_SETTLEMENT,PARTIAL_SETTLEMENT
TXN9061,MATCHED,Exact match or verified fee/refund adjustments,REFUND_ADJUSTED
TXN9062,REVIEW,Requires human review: DATE_MISMATCH,DATE_MISMATCH
TXN9063,MATCHED,Exact match or verified fee/refund adjustments,FEE_ADJUSTED
TXN9064,MATCHED,Exact match or verified fee/refund adjustments,FEE_ADJUSTED
TXN9065,MATCHED,Exact match or verified fee/refund adjustments,FEE_ADJUSTED
TXN9066,EXCEPTION,Unresolved exception: AMOUNT_MISMATCH,AMOUNT_MISMATCH
TXN9067,MATCHED,Exact match or verified fee/refund adjustments,FEE_ADJUSTED
TXN9068,EXCEPTION,Unresolved exception: AMOUNT_MISMATCH,AMOUNT_MISMATCH
TXN9069,MATCHED,Exact match or verified fee/refund adjustments,REFUND_ADJUSTED
TXN9070,REVIEW,Requires human review: DATE_MISMATCH,DATE_MISMATCH
TXN9071,EXCEPTION,Unresolved exception: MISSING_SETTLEMENT,MISSING_SETTLEMENT
TXN9072,MATCHED,Exact match or verified fee/refund adjustments,FEE_ADJUSTED
TXN9073,MATCHED,Exact match or verified fee/refund adjustments,REFUND_ADJUSTED
TXN9074,MATCHED,Exact match or verified fee/refund adjustments,FEE_ADJUSTED
TXN9075,REVIEW,Requires human review: DATE_MISMATCH,DATE_MISMATCH
TXN9076,MATCHED,Exact match or verified fee/refund adjustments,REFUND_ADJUSTED
TXN9077,EXCEPTION,Unresolved exception: MISSING_SETTLEMENT,MISSING_SETTLEMENT
TXN9078,MATCHED,Exact match or verified fee/refund adjustments,EXACT_MATCH
TXN9079,EXCEPTION,Unresolved exception: UNKNOWN_TRANSACTION,UNKNOWN_TRANSACTION
TXN9080,MATCHED,Exact match or verified fee/refund adjustments,REFUND_ADJUSTED
TXN9081,MATCHED,Exact match or verified fee/refund adjustments,REFUND_ADJUSTED
TXN9082,REVIEW,Requires human review: DUPLICATE_TRANSACTION,DUPLICATE_TRANSACTION
TXN9083,MATCHED,Exact match or verified fee/refund adjustments,EXACT_MATCH
TXN9084,MATCHED,Exact match or verified fee/refund adjustments,EXACT_MATCH
TXN9085,MATCHED,Exact match or verified fee/refund adjustments,EXACT_MATCH
TXN9086,MATCHED,Exact match or verified fee/refund adjustments,FEE_ADJUSTED
TXN9087,MATCHED,Exact match or verified fee/refund adjustments,EXACT_MATCH
TXN9088,MATCHED,Exact match or verified fee/refund adjustments,EXACT_MATCH
TXN9089,MATCHED,Exact match or verified fee/refund adjustments,EXACT_MATCH
TXN9090,REVIEW,Requires human review: DUPLICATE_TRANSACTION,DUPLICATE_TRANSACTION
TXN9091,REVIEW,Requires human review: PARTIAL_SETTLEMENT,PARTIAL_SETTLEMENT
TXN9092,EXCEPTION,Unresolved exception: AMOUNT_MISMATCH,AMOUNT_MISMATCH
TXN9093,REVIEW,Requires human review: DUPLICATE_TRANSACTION,DUPLICATE_TRANSACTION
TXN9094,EXCEPTION,Unresolved exception: MISSING_SETTLEMENT,MISSING_SETTLEMENT
TXN9095,MATCHED,Exact match or verified fee/refund adjustments,EXACT_MATCH
TXN9096,MATCHED,Exact match or verified fee/refund adjustments,REFUND_ADJUSTED
TXN9097,EXCEPTION,Unresolved exception: AMOUNT_MISMATCH,AMOUNT_MISMATCH
TXN9098,MATCHED,Exact match or verified fee/refund adjustments,EXACT_MATCH
TXN9099,REVIEW,Requires human review: PARTIAL_SETTLEMENT,PARTIAL_SETTLEMENT
TXN9100,MATCHED,Exact match or verified fee/refund adjustments,FEE_ADJUSTED
TXN9101,REVIEW,Requires human review: PARTIAL_SETTLEMENT,PARTIAL_SETTLEMENT
TXN9102,MATCHED,Exact match or verified fee/refund adjustments,EXACT_MATCH
TXN9103,EXCEPTION,Unresolved exception: UNKNOWN_TRANSACTION,UNKNOWN_TRANSACTION
TXN9104,EXCEPTION,Unresolved exception: UNKNOWN_TRANSACTION,UNKNOWN_TRANSACTION
TXN9105,MATCHED,Exact match or verified fee/refund adjustments,REFUND_ADJUSTED
TXN9106,EXCEPTION,Unresolved exception: MISSING_SETTLEMENT,MISSING_SETTLEMENT
TXN9107,MATCHED,Exact match or verified fee/refund adjustments,EXACT_MATCH
TXN9108,EXCEPTION,Unresolved exception: MISSING_SETTLEMENT,MISSING_SETTLEMENT
TXN9109,EXCEPTION,Unresolved exception: UNKNOWN_TRANSACTION,UNKNOWN_TRANSACTION
TXN9110,EXCEPTION,Unresolved exception: UNKNOWN_TRANSACTION,UNKNOWN_TRANSACTION
TXN9111,EXCEPTION,Unresolved exception: AMOUNT_MISMATCH,AMOUNT_MISMATCH
TXN9112,REVIEW,Requires human review: DUPLICATE_TRANSACTION,DUPLICATE_TRANSACTION
TXN9113,EXCEPTION,Unresolved exception: UNKNOWN_TRANSACTION,UNKNOWN_TRANSACTION
TXN9114,MATCHED,Exact match or verified fee/refund adjustments,FEE_ADJUSTED
TXN9115,REVIEW,Requires human review: DATE_MISMATCH,DATE_MISMATCH
TXN9116,REVIEW,Requires human review: PARTIAL_SETTLEMENT,PARTIAL_SETTLEMENT
TXN9117,EXCEPTION,Unresolved exception: UNKNOWN_TRANSACTION,UNKNOWN_TRANSACTION
TXN9118,MATCHED,Exact match or verified fee/refund adjustments,REFUND_ADJUSTED
TXN9119,REVIEW,Requires human review: DUPLICATE_TRANSACTION,DUPLICATE_TRANSACTION
TXN9120,MATCHED,Exact match or verified fee/refund adjustments,EXACT_MATCH
TXN9121,REVIEW,Requires human review: DATE_MISMATCH,DATE_MISMATCH
TXN9122,REVIEW,Requires human review: DATE_MISMATCH,DATE_MISMATCH
TXN9123,REVIEW,Requires human review: DATE_MISMATCH,DATE_MISMATCH
TXN9124,REVIEW,Requires human review: DUPLICATE_TRANSACTION,DUPLICATE_TRANSACTION
TXN9125,REVIEW,Requires human review: DATE_MISMATCH,DATE_MISMATCH
TXN9126,MATCHED,Exact match or verified fee/refund adjustments,EXACT_MATCH
TXN9127,MATCHED,Exact match or verified fee/refund adjustments,REFUND_ADJUSTED
TXN9128,EXCEPTION,Unresolved exception: UNKNOWN_TRANSACTION,UNKNOWN_TRANSACTION
TXN9129,MATCHED,Exact match or verified fee/refund adjustments,EXACT_MATCH
TXN9130,REVIEW,Requires human review: DATE_MISMATCH,DATE_MISMATCH
TXN9131,EXCEPTION,Unresolved exception: UNKNOWN_TRANSACTION,UNKNOWN_TRANSACTION
TXN9132,MATCHED,Exact match or verified fee/refund adjustments,REFUND_ADJUSTED
TXN9133,REVIEW,Requires human review: DUPLICATE_TRANSACTION,DUPLICATE_TRANSACTION
TXN9134,EXCEPTION,Unresolved exception: UNKNOWN_TRANSACTION,UNKNOWN_TRANSACTION
TXN9135,REVIEW,Requires human review: DATE_MISMATCH,DATE_MISMATCH
TXN9136,MATCHED,Exact match or verified fee/refund adjustments,REFUND_ADJUSTED
TXN9137,REVIEW,Requires human review: PARTIAL_SETTLEMENT,PARTIAL_SETTLEMENT
TXN9138,MATCHED,Exact match or verified fee/refund adjustments,EXACT_MATCH
TXN9139,REVIEW,Requires human review: DATE_MISMATCH,DATE_MISMATCH
TXN9140,MATCHED,Exact match or verified fee/refund adjustments,REFUND_ADJUSTED
TXN9141,EXCEPTION,Unresolved exception: AMOUNT_MISMATCH,AMOUNT_MISMATCH
TXN9142,EXCEPTION,Unresolved exception: AMOUNT_MISMATCH,AMOUNT_MISMATCH
TXN9143,MATCHED,Exact match or verified fee/refund adjustments,REFUND_ADJUSTED
TXN9144,REVIEW,Requires human review: PARTIAL_SETTLEMENT,PARTIAL_SETTLEMENT
TXN9145,REVIEW,Requires human review: DUPLICATE_TRANSACTION,DUPLICATE_TRANSACTION
TXN9146,MATCHED,Exact match or verified fee/refund adjustments,REFUND_ADJUSTED
TXN9147,MATCHED,Exact match or verified fee/refund adjustments,REFUND_ADJUSTED
TXN9148,MATCHED,Exact match or verified fee/refund adjustments,EXACT_MATCH
TXN9149,MATCHED,Exact match or verified fee/refund adjustments,REFUND_ADJUSTED
TXN9150,REVIEW,Requires human review: DUPLICATE_TRANSACTION,DUPLICATE_TRANSACTION
TXN9151,MATCHED,Exact match or verified fee/refund adjustments,FEE_ADJUSTED
TXN9152,REVIEW,Requires human review: DATE_MISMATCH,DATE_MISMATCH
TXN9153,REVIEW,Requires human review: DUPLICATE_TRANSACTION,DUPLICATE_TRANSACTION
TXN9154,REVIEW,Requires human review: DATE_MISMATCH,DATE_MISMATCH
TXN9155,REVIEW,Requires human review: PARTIAL_SETTLEMENT,PARTIAL_SETTLEMENT
TXN9156,MATCHED,Exact match or verified fee/refund adjustments,EXACT_MATCH
TXN9157,REVIEW,Requires human review: DUPLICATE_TRANSACTION,DUPLICATE_TRANSACTION
TXN9158,EXCEPTION,Unresolved exception: UNKNOWN_TRANSACTION,UNKNOWN_TRANSACTION
TXN9159,MATCHED,Exact match or verified fee/refund adjustments,FEE_ADJUSTED
TXN9160,REVIEW,Requires human review: DUPLICATE_TRANSACTION,DUPLICATE_TRANSACTION
TXN9161,EXCEPTION,Unresolved exception: UNKNOWN_TRANSACTION,UNKNOWN_TRANSACTION
TXN9162,REVIEW,Requires human review: DUPLICATE_TRANSACTION,DUPLICATE_TRANSACTION
TXN9163,MATCHED,Exact match or verified fee/refund adjustments,EXACT_MATCH
TXN9164,EXCEPTION,Unresolved exception: UNKNOWN_TRANSACTION,UNKNOWN_TRANSACTION
TXN9165,MATCHED,Exact match or verified fee/refund adjustments,EXACT_MATCH
TXN9166,REVIEW,Requires human review: DUPLICATE_TRANSACTION,DUPLICATE_TRANSACTION
TXN9167,MATCHED,Exact match or verified fee/refund adjustments,FEE_ADJUSTED
TXN9168,REVIEW,Requires human review: DATE_MISMATCH,DATE_MISMATCH
TXN9169,MATCHED,Exact match or verified fee/refund adjustments,REFUND_ADJUSTED
TXN9170,EXCEPTION,Unresolved exception: UNKNOWN_TRANSACTION,UNKNOWN_TRANSACTION
TXN9171,REVIEW,Requires human review: DATE_MISMATCH,DATE_MISMATCH
TXN9172,MATCHED,Exact match or verified fee/refund adjustments,REFUND_ADJUSTED
TXN9173,MATCHED,Exact match or verified fee/refund adjustments,REFUND_ADJUSTED
TXN9174,MATCHED,Exact match or verified fee/refund adjustments,REFUND_ADJUSTED
TXN9175,REVIEW,Requires human review: PARTIAL_SETTLEMENT,PARTIAL_SETTLEMENT
TXN9176,REVIEW,Requires human review: DATE_MISMATCH,DATE_MISMATCH
TXN9177,EXCEPTION,Unresolved exception: MISSING_SETTLEMENT,MISSING_SETTLEMENT
TXN9178,EXCEPTION,Unresolved exception: UNKNOWN_TRANSACTION,UNKNOWN_TRANSACTION
TXN9179,EXCEPTION,Unresolved exception: UNKNOWN_TRANSACTION,UNKNOWN_TRANSACTION
TXN9180,EXCEPTION,Unresolved exception: AMOUNT_MISMATCH,AMOUNT_MISMATCH
TXN9181,REVIEW,Requires human review: DATE_MISMATCH,DATE_MISMATCH
TXN9182,REVIEW,Requires human review: DATE_MISMATCH,DATE_MISMATCH
TXN9183,REVIEW,Requires human review: DATE_MISMATCH,DATE_MISMATCH
TXN9184,REVIEW,Requires human review: DATE_MISMATCH,DATE_MISMATCH
TXN9185,REVIEW,Requires human review: PARTIAL_SETTLEMENT,PARTIAL_SETTLEMENT
TXN9186,REVIEW,Requires human review: DATE_MISMATCH,DATE_MISMATCH
TXN9187,REVIEW,Requires human review: PARTIAL_SETTLEMENT,PARTIAL_SETTLEMENT
TXN9188,MATCHED,Exact match or verified fee/refund adjustments,FEE_ADJUSTED
TXN9189,MATCHED,Exact match or verified fee/refund adjustments,EXACT_MATCH
TXN9190,MATCHED,Exact match or verified fee/refund adjustments,EXACT_MATCH
TXN9191,REVIEW,Requires human review: DUPLICATE_TRANSACTION,DUPLICATE_TRANSACTION
TXN9192,REVIEW,Requires human review: PARTIAL_SETTLEMENT,PARTIAL_SETTLEMENT
TXN9193,MATCHED,Exact match or verified fee/refund adjustments,REFUND_ADJUSTED
TXN9194,MATCHED,Exact match or verified fee/refund adjustments,FEE_ADJUSTED
TXN9195,REVIEW,Requires human review: DUPLICATE_TRANSACTION,DUPLICATE_TRANSACTION
TXN9196,EXCEPTION,Unresolved exception: MISSING_SETTLEMENT,MISSING_SETTLEMENT
TXN9197,MATCHED,Exact match or verified fee/refund adjustments,EXACT_MATCH
TXN9198,MATCHED,Exact match or verified fee/refund adjustments,REFUND_ADJUSTED
TXN9199,REVIEW,Requires human review: DATE_MISMATCH,DATE_MISMATCH
TXN9200,MATCHED,Exact match or verified fee/refund adjustments,EXACT_MATCH
TXN9201,MATCHED,Exact match or verified fee/refund adjustments,EXACT_MATCH
TXN9202,MATCHED,Exact match or verified fee/refund adjustments,FEE_ADJUSTED
TXN9203,EXCEPTION,Unresolved exception: UNKNOWN_TRANSACTION,UNKNOWN_TRANSACTION
TXN9204,MATCHED,Exact match or verified fee/refund adjustments,FEE_ADJUSTED
TXN9205,REVIEW,Requires human review: DUPLICATE_TRANSACTION,DUPLICATE_TRANSACTION
TXN9206,EXCEPTION,Unresolved exception: UNKNOWN_TRANSACTION,UNKNOWN_TRANSACTION
TXN9207,REVIEW,Requires human review: PARTIAL_SETTLEMENT,PARTIAL_SETTLEMENT
TXN9208,EXCEPTION,Unresolved exception: AMOUNT_MISMATCH,AMOUNT_MISMATCH
TXN9209,MATCHED,Exact match or verified fee/refund adjustments,EXACT_MATCH
TXN9210,REVIEW,Requires human review: PARTIAL_SETTLEMENT,PARTIAL_SETTLEMENT
TXN9211,EXCEPTION,Unresolved exception: UNKNOWN_TRANSACTION,UNKNOWN_TRANSACTION
TXN9212,MATCHED,Exact match or verified fee/refund adjustments,REFUND_ADJUSTED
TXN9213,REVIEW,Requires human review: DUPLICATE_TRANSACTION,DUPLICATE_TRANSACTION
TXN9214,REVIEW,Requires human review: DUPLICATE_TRANSACTION,DUPLICATE_TRANSACTION
TXN9215,EXCEPTION,Unresolved exception: MISSING_SETTLEMENT,MISSING_SETTLEMENT
TXN9216,MATCHED,Exact match or verified fee/refund adjustments,EXACT_MATCH
TXN9217,MATCHED,Exact match or verified fee/refund adjustments,EXACT_MATCH
TXN9218,MATCHED,Exact match or verified fee/refund adjustments,REFUND_ADJUSTED
TXN9219,EXCEPTION,Unresolved exception: MISSING_SETTLEMENT,MISSING_SETTLEMENT
TXN9220,MATCHED,Exact match or verified fee/refund adjustments,FEE_ADJUSTED
TXN9221,MATCHED,Exact match or verified fee/refund adjustments,EXACT_MATCH
TXN9222,REVIEW,Requires human review: PARTIAL_SETTLEMENT,PARTIAL_SETTLEMENT
TXN9223,MATCHED,Exact match or verified fee/refund adjustments,FEE_ADJUSTED
TXN9224,MATCHED,Exact match or verified fee/refund adjustments,FEE_ADJUSTED
TXN9225,MATCHED,Exact match or verified fee/refund adjustments,FEE_ADJUSTED
TXN9226,REVIEW,Requires human review: DUPLICATE_TRANSACTION,DUPLICATE_TRANSACTION
TXN9227,REVIEW,Requires human review: PARTIAL_SETTLEMENT,PARTIAL_SETTLEMENT
TXN9228,REVIEW,Requires human review: DUPLICATE_TRANSACTION,DUPLICATE_TRANSACTION
TXN9229,REVIEW,Requires human review: PARTIAL_SETTLEMENT,PARTIAL_SETTLEMENT
TXN9230,EXCEPTION,Unresolved exception: UNKNOWN_TRANSACTION,UNKNOWN_TRANSACTION
TXN9231,EXCEPTION,Unresolved exception: UNKNOWN_TRANSACTION,UNKNOWN_TRANSACTION
TXN9232,REVIEW,Requires human review: PARTIAL_SETTLEMENT,PARTIAL_SETTLEMENT
TXN9233,EXCEPTION,Unresolved exception: UNKNOWN_TRANSACTION,UNKNOWN_TRANSACTION
TXN9234,REVIEW,Requires human review: PARTIAL_SETTLEMENT,PARTIAL_SETTLEMENT
TXN9235,MATCHED,Exact match or verified fee/refund adjustments,REFUND_ADJUSTED
TXN9236,EXCEPTION,Unresolved exception: UNKNOWN_TRANSACTION,UNKNOWN_TRANSACTION
TXN9237,REVIEW,Requires human review: PARTIAL_SETTLEMENT,PARTIAL_SETTLEMENT
TXN9238,REVIEW,Requires human review: PARTIAL_SETTLEMENT,PARTIAL_SETTLEMENT
TXN9239,EXCEPTION,Unresolved exception: MISSING_SETTLEMENT,MISSING_SETTLEMENT
TXN9240,EXCEPTION,Unresolved exception: UNKNOWN_TRANSACTION,UNKNOWN_TRANSACTION
TXN9241,REVIEW,Requires human review: PARTIAL_SETTLEMENT,PARTIAL_SETTLEMENT
TXN9242,EXCEPTION,Unresolved exception: MISSING_SETTLEMENT,MISSING_SETTLEMENT
TXN9243,MATCHED,Exact match or verified fee/refund adjustments,REFUND_ADJUSTED
TXN9244,MATCHED,Exact match or verified fee/refund adjustments,EXACT_MATCH
TXN9245,EXCEPTION,Unresolved exception: AMOUNT_MISMATCH,AMOUNT_MISMATCH
TXN9246,EXCEPTION,Unresolved exception: AMOUNT_MISMATCH,AMOUNT_MISMATCH
TXN9247,EXCEPTION,Unresolved exception: AMOUNT_MISMATCH,AMOUNT_MISMATCH
TXN9248,REVIEW,Requires human review: DUPLICATE_TRANSACTION,DUPLICATE_TRANSACTION
TXN9249,EXCEPTION,Unresolved exception: UNKNOWN_TRANSACTION,UNKNOWN_TRANSACTION
TXN9250,REVIEW,Requires human review: DUPLICATE_TRANSACTION,DUPLICATE_TRANSACTION
TXN9251,REVIEW,Requires human review: DUPLICATE_TRANSACTION,DUPLICATE_TRANSACTION
TXN9252,EXCEPTION,Unresolved exception: MISSING_SETTLEMENT,MISSING_SETTLEMENT
TXN9253,REVIEW,Requires human review: DATE_MISMATCH,DATE_MISMATCH
TXN9254,REVIEW,Requires human review: DUPLICATE_TRANSACTION,DUPLICATE_TRANSACTION
TXN9255,MATCHED,Exact match or verified fee/refund adjustments,EXACT_MATCH
TXN9256,REVIEW,Requires human review: PARTIAL_SETTLEMENT,PARTIAL_SETTLEMENT
TXN9257,MATCHED,Exact match or verified fee/refund adjustments,REFUND_ADJUSTED
TXN9258,EXCEPTION,Unresolved exception: AMOUNT_MISMATCH,AMOUNT_MISMATCH
TXN9259,REVIEW,Requires human review: DUPLICATE_TRANSACTION,DUPLICATE_TRANSACTION
TXN9260,REVIEW,Requires human review: DUPLICATE_TRANSACTION,DUPLICATE_TRANSACTION
TXN9261,MATCHED,Exact match or verified fee/refund adjustments,EXACT_MATCH
TXN9262,EXCEPTION,Unresolved exception: AMOUNT_MISMATCH,AMOUNT_MISMATCH
TXN9263,REVIEW,Requires human review: DATE_MISMATCH,DATE_MISMATCH
TXN9264,MATCHED,Exact match or verified fee/refund adjustments,REFUND_ADJUSTED
TXN9265,MATCHED,Exact match or verified fee/refund adjustments,REFUND_ADJUSTED
TXN9266,EXCEPTION,Unresolved exception: AMOUNT_MISMATCH,AMOUNT_MISMATCH
TXN9267,REVIEW,Requires human review: DATE_MISMATCH,DATE_MISMATCH
TXN9268,REVIEW,Requires human review: DUPLICATE_TRANSACTION,DUPLICATE_TRANSACTION
TXN9269,MATCHED,Exact match or verified fee/refund adjustments,REFUND_ADJUSTED
TXN9270,REVIEW,Requires human review: PARTIAL_SETTLEMENT,PARTIAL_SETTLEMENT
TXN9271,REVIEW,Requires human review: PARTIAL_SETTLEMENT,PARTIAL_SETTLEMENT
TXN9272,MATCHED,Exact match or verified fee/refund adjustments,FEE_ADJUSTED
TXN9273,EXCEPTION,Unresolved exception: AMOUNT_MISMATCH,AMOUNT_MISMATCH
TXN9274,REVIEW,Requires human review: PARTIAL_SETTLEMENT,PARTIAL_SETTLEMENT
TXN9275,MATCHED,Exact match or verified fee/refund adjustments,EXACT_MATCH
TXN9276,EXCEPTION,Unresolved exception: MISSING_SETTLEMENT,MISSING_SETTLEMENT
TXN9277,REVIEW,Requires human review: PARTIAL_SETTLEMENT,PARTIAL_SETTLEMENT
TXN9278,REVIEW,Requires human review: DATE_MISMATCH,DATE_MISMATCH
TXN9279,REVIEW,Requires human review: DUPLICATE_TRANSACTION,DUPLICATE_TRANSACTION
TXN9280,REVIEW,Requires human review: DATE_MISMATCH,DATE_MISMATCH
TXN9281,REVIEW,Requires human review: DATE_MISMATCH,DATE_MISMATCH
TXN9282,MATCHED,Exact match or verified fee/refund adjustments,REFUND_ADJUSTED
TXN9283,REVIEW,Requires human review: DUPLICATE_TRANSACTION,DUPLICATE_TRANSACTION
TXN9284,MATCHED,Exact match or verified fee/refund adjustments,FEE_ADJUSTED
TXN9285,EXCEPTION,Unresolved exception: AMOUNT_MISMATCH,AMOUNT_MISMATCH
TXN9286,MATCHED,Exact match or verified fee/refund adjustments,REFUND_ADJUSTED
TXN9287,REVIEW,Requires human review: PARTIAL_SETTLEMENT,PARTIAL_SETTLEMENT
TXN9288,MATCHED,Exact match or verified fee/refund adjustments,FEE_ADJUSTED
TXN9289,REVIEW,Requires human review: PARTIAL_SETTLEMENT,PARTIAL_SETTLEMENT
TXN9290,REVIEW,Requires human review: DUPLICATE_TRANSACTION,DUPLICATE_TRANSACTION
TXN9291,EXCEPTION,Unresolved exception: MISSING_SETTLEMENT,MISSING_SETTLEMENT
TXN9292,REVIEW,Requires human review: DUPLICATE_TRANSACTION,DUPLICATE_TRANSACTION
TXN9293,REVIEW,Requires human review: PARTIAL_SETTLEMENT,PARTIAL_SETTLEMENT
TXN9294,REVIEW,Requires human review: PARTIAL_SETTLEMENT,PARTIAL_SETTLEMENT
TXN9295,REVIEW,Requires human review: DUPLICATE_TRANSACTION,DUPLICATE_TRANSACTION
TXN9296,EXCEPTION,Unresolved exception: AMOUNT_MISMATCH,AMOUNT_MISMATCH
TXN9297,MATCHED,Exact match or verified fee/refund adjustments,EXACT_MATCH
TXN9298,REVIEW,Requires human review: DUPLICATE_TRANSACTION,DUPLICATE_TRANSACTION
TXN9299,MATCHED,Exact match or verified fee/refund adjustments,REFUND_ADJUSTED
TXN9300,MATCHED,Exact match or verified fee/refund adjustments,FEE_ADJUSTED
TXN9301,MATCHED,Exact match or verified fee/refund adjustments,REFUND_ADJUSTED
TXN9302,MATCHED,Exact match or verified fee/refund adjustments,FEE_ADJUSTED
TXN9303,MATCHED,Exact match or verified fee/refund adjustments,REFUND_ADJUSTED
TXN9304,MATCHED,Exact match or verified fee/refund adjustments,REFUND_ADJUSTED
TXN9305,REVIEW,Requires human review: DATE_MISMATCH,DATE_MISMATCH
TXN9306,REVIEW,Requires human review: PARTIAL_SETTLEMENT,PARTIAL_SETTLEMENT
TXN9307,REVIEW,Requires human review: DUPLICATE_TRANSACTION,DUPLICATE_TRANSACTION
TXN9308,REVIEW,Requires human review: DATE_MISMATCH,DATE_MISMATCH
TXN9309,REVIEW,Requires human review: PARTIAL_SETTLEMENT,PARTIAL_SETTLEMENT
TXN9310,MATCHED,Exact match or verified fee/refund adjustments,EXACT_MATCH
TXN9311,MATCHED,Exact match or verified fee/refund adjustments,REFUND_ADJUSTED
TXN9312,REVIEW,Requires human review: DUPLICATE_TRANSACTION,DUPLICATE_TRANSACTION
TXN9313,REVIEW,Requires human review: DUPLICATE_TRANSACTION,DUPLICATE_TRANSACTION
TXN9314,EXCEPTION,Unresolved exception: UNKNOWN_TRANSACTION,UNKNOWN_TRANSACTION
TXN9315,EXCEPTION,Unresolved exception: MISSING_SETTLEMENT,MISSING_SETTLEMENT
TXN9316,EXCEPTION,Unresolved exception: MISSING_SETTLEMENT,MISSING_SETTLEMENT
TXN9317,MATCHED,Exact match or verified fee/refund adjustments,FEE_ADJUSTED
TXN9318,MATCHED,Exact match or verified fee/refund adjustments,FEE_ADJUSTED
TXN9319,REVIEW,Requires human review: PARTIAL_SETTLEMENT,PARTIAL_SETTLEMENT
TXN9320,EXCEPTION,Unresolved exception: AMOUNT_MISMATCH,AMOUNT_MISMATCH
TXN9321,REVIEW,Requires human review: PARTIAL_SETTLEMENT,PARTIAL_SETTLEMENT
TXN9322,EXCEPTION,Unresolved exception: AMOUNT_MISMATCH,AMOUNT_MISMATCH
TXN9323,EXCEPTION,Unresolved exception: UNKNOWN_TRANSACTION,UNKNOWN_TRANSACTION
TXN9324,MATCHED,Exact match or verified fee/refund adjustments,REFUND_ADJUSTED
TXN9325,MATCHED,Exact match or verified fee/refund adjustments,REFUND_ADJUSTED
TXN9326,MATCHED,Exact match or verified fee/refund adjustments,EXACT_MATCH
TXN9327,REVIEW,Requires human review: DATE_MISMATCH,DATE_MISMATCH
TXN9328,REVIEW,Requires human review: DUPLICATE_TRANSACTION,DUPLICATE_TRANSACTION
TXN9329,REVIEW,Requires human review: DUPLICATE_TRANSACTION,DUPLICATE_TRANSACTION
TXN9330,EXCEPTION,Unresolved exception: MISSING_SETTLEMENT,MISSING_SETTLEMENT
TXN9331,MATCHED,Exact match or verified fee/refund adjustments,REFUND_ADJUSTED
TXN9332,REVIEW,Requires human review: DATE_MISMATCH,DATE_MISMATCH
TXN9333,MATCHED,Exact match or verified fee/refund adjustments,FEE_ADJUSTED
TXN9334,EXCEPTION,Unresolved exception: UNKNOWN_TRANSACTION,UNKNOWN_TRANSACTION
TXN9335,REVIEW,Requires human review: DATE_MISMATCH,DATE_MISMATCH
TXN9336,EXCEPTION,Unresolved exception: UNKNOWN_TRANSACTION,UNKNOWN_TRANSACTION
TXN9337,MATCHED,Exact match or verified fee/refund adjustments,FEE_ADJUSTED
TXN9338,REVIEW,Requires human review: DUPLICATE_TRANSACTION,DUPLICATE_TRANSACTION
TXN9339,REVIEW,Requires human review: DUPLICATE_TRANSACTION,DUPLICATE_TRANSACTION
TXN9340,MATCHED,Exact match or verified fee/refund adjustments,REFUND_ADJUSTED
TXN9341,REVIEW,Requires human review: DUPLICATE_TRANSACTION,DUPLICATE_TRANSACTION
TXN9342,EXCEPTION,Unresolved exception: UNKNOWN_TRANSACTION,UNKNOWN_TRANSACTION
TXN9343,EXCEPTION,Unresolved exception: UNKNOWN_TRANSACTION,UNKNOWN_TRANSACTION
TXN9344,EXCEPTION,Unresolved exception: AMOUNT_MISMATCH,AMOUNT_MISMATCH
TXN9345,MATCHED,Exact match or verified fee/refund adjustments,EXACT_MATCH
TXN9346,MATCHED,Exact match or verified fee/refund adjustments,FEE_ADJUSTED
TXN9347,EXCEPTION,Unresolved exception: UNKNOWN_TRANSACTION,UNKNOWN_TRANSACTION
TXN9348,REVIEW,Requires human review: DATE_MISMATCH,DATE_MISMATCH
TXN9349,REVIEW,Requires human review: PARTIAL_SETTLEMENT,PARTIAL_SETTLEMENT
TXN9350,MATCHED,Exact match or verified fee/refund adjustments,FEE_ADJUSTED
TXN9351,REVIEW,Requires human review: PARTIAL_SETTLEMENT,PARTIAL_SETTLEMENT
TXN9352,EXCEPTION,Unresolved exception: UNKNOWN_TRANSACTION,UNKNOWN_TRANSACTION
TXN9353,MATCHED,Exact match or verified fee/refund adjustments,REFUND_ADJUSTED
TXN9354,REVIEW,Requires human review: DUPLICATE_TRANSACTION,DUPLICATE_TRANSACTION
TXN9355,REVIEW,Requires human review: DUPLICATE_TRANSACTION,DUPLICATE_TRANSACTION
TXN9356,MATCHED,Exact match or verified fee/refund adjustments,FEE_ADJUSTED
TXN9357,MATCHED,Exact match or verified fee/refund adjustments,EXACT_MATCH
TXN9358,REVIEW,Requires human review: DATE_MISMATCH,DATE_MISMATCH
TXN9359,REVIEW,Requires human review: DUPLICATE_TRANSACTION,DUPLICATE_TRANSACTION
TXN9360,REVIEW,Requires human review: DATE_MISMATCH,DATE_MISMATCH
TXN9361,EXCEPTION,Unresolved exception: AMOUNT_MISMATCH,AMOUNT_MISMATCH
TXN9362,REVIEW,Requires human review: DUPLICATE_TRANSACTION,DUPLICATE_TRANSACTION
TXN9363,REVIEW,Requires human review: DUPLICATE_TRANSACTION,DUPLICATE_TRANSACTION
TXN9364,REVIEW,Requires human review: DUPLICATE_TRANSACTION,DUPLICATE_TRANSACTION
TXN9365,REVIEW,Requires human review: DUPLICATE_TRANSACTION,DUPLICATE_TRANSACTION
TXN9366,REVIEW,Requires human review: DATE_MISMATCH,DATE_MISMATCH
TXN9367,REVIEW,Requires human review: DUPLICATE_TRANSACTION,DUPLICATE_TRANSACTION
TXN9368,EXCEPTION,Unresolved exception: AMOUNT_MISMATCH,AMOUNT_MISMATCH
TXN9369,MATCHED,Exact match or verified fee/refund adjustments,REFUND_ADJUSTED
TXN9370,EXCEPTION,Unresolved exception: MISSING_SETTLEMENT,MISSING_SETTLEMENT
TXN9371,REVIEW,Requires human review: PARTIAL_SETTLEMENT,PARTIAL_SETTLEMENT
TXN9372,MATCHED,Exact match or verified fee/refund adjustments,EXACT_MATCH
TXN9373,MATCHED,Exact match or verified fee/refund adjustments,FEE_ADJUSTED
TXN9374,REVIEW,Requires human review: DUPLICATE_TRANSACTION,DUPLICATE_TRANSACTION
TXN9375,MATCHED,Exact match or verified fee/refund adjustments,FEE_ADJUSTED
TXN9376,EXCEPTION,Unresolved exception: AMOUNT_MISMATCH,AMOUNT_MISMATCH
TXN9377,REVIEW,Requires human review: DUPLICATE_TRANSACTION,DUPLICATE_TRANSACTION
TXN9378,MATCHED,Exact match or verified fee/refund adjustments,FEE_ADJUSTED
TXN9379,EXCEPTION,Unresolved exception: MISSING_SETTLEMENT,MISSING_SETTLEMENT
TXN9380,MATCHED,Exact match or verified fee/refund adjustments,FEE_ADJUSTED
TXN9381,EXCEPTION,Unresolved exception: UNKNOWN_TRANSACTION,UNKNOWN_TRANSACTION
TXN9382,MATCHED,Exact match or verified fee/refund adjustments,REFUND_ADJUSTED
TXN9383,MATCHED,Exact match or verified fee/refund adjustments,FEE_ADJUSTED
TXN9384,MATCHED,Exact match or verified fee/refund adjustments,FEE_ADJUSTED
TXN9385,MATCHED,Exact match or verified fee/refund adjustments,EXACT_MATCH
TXN9386,EXCEPTION,Unresolved exception: MISSING_SETTLEMENT,MISSING_SETTLEMENT
TXN9387,REVIEW,Requires human review: PARTIAL_SETTLEMENT,PARTIAL_SETTLEMENT
TXN9388,REVIEW,Requires human review: PARTIAL_SETTLEMENT,PARTIAL_SETTLEMENT
TXN9389,MATCHED,Exact match or verified fee/refund adjustments,REFUND_ADJUSTED
TXN9390,EXCEPTION,Unresolved exception: AMOUNT_MISMATCH,AMOUNT_MISMATCH
TXN9391,EXCEPTION,Unresolved exception: MISSING_SETTLEMENT,MISSING_SETTLEMENT
TXN9392,MATCHED,Exact match or verified fee/refund adjustments,FEE_ADJUSTED
TXN9393,EXCEPTION,Unresolved exception: AMOUNT_MISMATCH,AMOUNT_MISMATCH
TXN9394,REVIEW,Requires human review: DUPLICATE_TRANSACTION,DUPLICATE_TRANSACTION
TXN9395,REVIEW,Requires human review: DATE_MISMATCH,DATE_MISMATCH
TXN9396,MATCHED,Exact match or verified fee/refund adjustments,REFUND_ADJUSTED
TXN9397,EXCEPTION,Unresolved exception: MISSING_SETTLEMENT,MISSING_SETTLEMENT
TXN9398,MATCHED,Exact match or verified fee/refund adjustments,REFUND_ADJUSTED
TXN9399,MATCHED,Exact match or verified fee/refund adjustments,REFUND_ADJUSTED
TXN9400,REVIEW,Requires human review: PARTIAL_SETTLEMENT,PARTIAL_SETTLEMENT
TXN9401,EXCEPTION,Unresolved exception: AMOUNT_MISMATCH,AMOUNT_MISMATCH
TXN9402,REVIEW,Requires human review: PARTIAL_SETTLEMENT,PARTIAL_SETTLEMENT
TXN9403,EXCEPTION,Unresolved exception: AMOUNT_MISMATCH,AMOUNT_MISMATCH
TXN9404,REVIEW,Requires human review: PARTIAL_SETTLEMENT,PARTIAL_SETTLEMENT
TXN9405,EXCEPTION,Unresolved exception: AMOUNT_MISMATCH,AMOUNT_MISMATCH
TXN9406,MATCHED,Exact match or verified fee/refund adjustments,FEE_ADJUSTED
TXN9407,EXCEPTION,Unresolved exception: MISSING_SETTLEMENT,MISSING_SETTLEMENT
TXN9408,EXCEPTION,Unresolved exception: UNKNOWN_TRANSACTION,UNKNOWN_TRANSACTION
TXN9409,REVIEW,Requires human review: DUPLICATE_TRANSACTION,DUPLICATE_TRANSACTION
TXN9410,REVIEW,Requires human review: DUPLICATE_TRANSACTION,DUPLICATE_TRANSACTION
TXN9411,MATCHED,Exact match or verified fee/refund adjustments,EXACT_MATCH
TXN9412,MATCHED,Exact match or verified fee/refund adjustments,REFUND_ADJUSTED
TXN9413,REVIEW,Requires human review: DUPLICATE_TRANSACTION,DUPLICATE_TRANSACTION
TXN9414,REVIEW,Requires human review: DUPLICATE_TRANSACTION,DUPLICATE_TRANSACTION
TXN9415,REVIEW,Requires human review: DATE_MISMATCH,DATE_MISMATCH
TXN9416,MATCHED,Exact match or verified fee/refund adjustments,EXACT_MATCH
TXN9417,REVIEW,Requires human review: DUPLICATE_TRANSACTION,DUPLICATE_TRANSACTION
TXN9418,EXCEPTION,Unresolved exception: UNKNOWN_TRANSACTION,UNKNOWN_TRANSACTION
TXN9419,REVIEW,Requires human review: PARTIAL_SETTLEMENT,PARTIAL_SETTLEMENT
TXN9420,MATCHED,Exact match or verified fee/refund adjustments,EXACT_MATCH
TXN9421,MATCHED,Exact match or verified fee/refund adjustments,FEE_ADJUSTED
TXN9422,REVIEW,Requires human review: DATE_MISMATCH,DATE_MISMATCH
TXN9423,REVIEW,Requires human review: PARTIAL_SETTLEMENT,PARTIAL_SETTLEMENT
TXN9424,EXCEPTION,Unresolved exception: AMOUNT_MISMATCH,AMOUNT_MISMATCH
TXN9425,MATCHED,Exact match or verified fee/refund adjustments,EXACT_MATCH
TXN9426,REVIEW,Requires human review: PARTIAL_SETTLEMENT,PARTIAL_SETTLEMENT
TXN9427,EXCEPTION,Unresolved exception: UNKNOWN_TRANSACTION,UNKNOWN_TRANSACTION
TXN9428,EXCEPTION,Unresolved exception: AMOUNT_MISMATCH,AMOUNT_MISMATCH
TXN9429,REVIEW,Requires human review: DUPLICATE_TRANSACTION,DUPLICATE_TRANSACTION
TXN9430,MATCHED,Exact match or verified fee/refund adjustments,EXACT_MATCH
TXN9431,REVIEW,Requires human review: DUPLICATE_TRANSACTION,DUPLICATE_TRANSACTION
TXN9432,REVIEW,Requires human review: PARTIAL_SETTLEMENT,PARTIAL_SETTLEMENT
TXN9433,MATCHED,Exact match or verified fee/refund adjustments,FEE_ADJUSTED
TXN9434,REVIEW,Requires human review: DUPLICATE_TRANSACTION,DUPLICATE_TRANSACTION
TXN9435,MATCHED,Exact match or verified fee/refund adjustments,FEE_ADJUSTED
TXN9436,EXCEPTION,Unresolved exception: UNKNOWN_TRANSACTION,UNKNOWN_TRANSACTION
TXN9437,EXCEPTION,Unresolved exception: UNKNOWN_TRANSACTION,UNKNOWN_TRANSACTION
TXN9438,MATCHED,Exact match or verified fee/refund adjustments,EXACT_MATCH
TXN9439,REVIEW,Requires human review: DUPLICATE_TRANSACTION,DUPLICATE_TRANSACTION
TXN9440,EXCEPTION,Unresolved exception: MISSING_SETTLEMENT,MISSING_SETTLEMENT
TXN9441,MATCHED,Exact match or verified fee/refund adjustments,REFUND_ADJUSTED
TXN9442,MATCHED,Exact match or verified fee/refund adjustments,EXACT_MATCH
TXN9443,MATCHED,Exact match or verified fee/refund adjustments,REFUND_ADJUSTED
TXN9444,EXCEPTION,Unresolved exception: UNKNOWN_TRANSACTION,UNKNOWN_TRANSACTION
TXN9445,EXCEPTION,Unresolved exception: MISSING_SETTLEMENT,MISSING_SETTLEMENT
TXN9446,REVIEW,Requires human review: DUPLICATE_TRANSACTION,DUPLICATE_TRANSACTION
TXN9447,REVIEW,Requires human review: DUPLICATE_TRANSACTION,DUPLICATE_TRANSACTION
TXN9448,REVIEW,Requires human review: DATE_MISMATCH,DATE_MISMATCH
TXN9449,MATCHED,Exact match or verified fee/refund adjustments,EXACT_MATCH
TXN9450,EXCEPTION,Unresolved exception: UNKNOWN_TRANSACTION,UNKNOWN_TRANSACTION
TXN9451,MATCHED,Exact match or verified fee/refund adjustments,REFUND_ADJUSTED
TXN9452,REVIEW,Requires human review: DATE_MISMATCH,DATE_MISMATCH
TXN9453,MATCHED,Exact match or verified fee/refund adjustments,FEE_ADJUSTED
TXN9454,MATCHED,Exact match or verified fee/refund adjustments,REFUND_ADJUSTED
TXN9455,REVIEW,Requires human review: DUPLICATE_TRANSACTION,DUPLICATE_TRANSACTION
TXN9456,MATCHED,Exact match or verified fee/refund adjustments,EXACT_MATCH
TXN9457,EXCEPTION,Unresolved exception: AMOUNT_MISMATCH,AMOUNT_MISMATCH
TXN9458,REVIEW,Requires human review: DUPLICATE_TRANSACTION,DUPLICATE_TRANSACTION
TXN9459,REVIEW,Requires human review: DATE_MISMATCH,DATE_MISMATCH
TXN9460,EXCEPTION,Unresolved exception: MISSING_SETTLEMENT,MISSING_SETTLEMENT
TXN9461,EXCEPTION,Unresolved exception: MISSING_SETTLEMENT,MISSING_SETTLEMENT
TXN9462,EXCEPTION,Unresolved exception: AMOUNT_MISMATCH,AMOUNT_MISMATCH
TXN9463,EXCEPTION,Unresolved exception: UNKNOWN_TRANSACTION,UNKNOWN_TRANSACTION
TXN9464,EXCEPTION,Unresolved exception: AMOUNT_MISMATCH,AMOUNT_MISMATCH
TXN9465,EXCEPTION,Unresolved exception: UNKNOWN_TRANSACTION,UNKNOWN_TRANSACTION
TXN9466,MATCHED,Exact match or verified fee/refund adjustments,EXACT_MATCH
TXN9467,MATCHED,Exact match or verified fee/refund adjustments,FEE_ADJUSTED
TXN9468,EXCEPTION,Unresolved exception: UNKNOWN_TRANSACTION,UNKNOWN_TRANSACTION
TXN9469,MATCHED,Exact match or verified fee/refund adjustments,EXACT_MATCH
TXN9470,REVIEW,Requires human review: PARTIAL_SETTLEMENT,PARTIAL_SETTLEMENT
TXN9471,EXCEPTION,Unresolved exception: MISSING_SETTLEMENT,MISSING_SETTLEMENT
TXN9472,REVIEW,Requires human review: DATE_MISMATCH,DATE_MISMATCH
TXN9473,MATCHED,Exact match or verified fee/refund adjustments,FEE_ADJUSTED
TXN9474,REVIEW,Requires human review: DATE_MISMATCH,DATE_MISMATCH
TXN9475,MATCHED,Exact match or verified fee/refund adjustments,EXACT_MATCH
TXN9476,EXCEPTION,Unresolved exception: MISSING_SETTLEMENT,MISSING_SETTLEMENT
TXN9477,MATCHED,Exact match or verified fee/refund adjustments,FEE_ADJUSTED
TXN9478,EXCEPTION,Unresolved exception: MISSING_SETTLEMENT,MISSING_SETTLEMENT
TXN9479,EXCEPTION,Unresolved exception: AMOUNT_MISMATCH,AMOUNT_MISMATCH
TXN9480,MATCHED,Exact match or verified fee/refund adjustments,EXACT_MATCH
TXN9481,REVIEW,Requires human review: DUPLICATE_TRANSACTION,DUPLICATE_TRANSACTION
TXN9482,MATCHED,Exact match or verified fee/refund adjustments,EXACT_MATCH
TXN9483,EXCEPTION,Unresolved exception: AMOUNT_MISMATCH,AMOUNT_MISMATCH
TXN9484,EXCEPTION,Unresolved exception: MISSING_SETTLEMENT,MISSING_SETTLEMENT
TXN9485,REVIEW,Requires human review: PARTIAL_SETTLEMENT,PARTIAL_SETTLEMENT
TXN9486,MATCHED,Exact match or verified fee/refund adjustments,EXACT_MATCH
TXN9487,REVIEW,Requires human review: PARTIAL_SETTLEMENT,PARTIAL_SETTLEMENT
TXN9488,MATCHED,Exact match or verified fee/refund adjustments,REFUND_ADJUSTED
TXN9489,EXCEPTION,Unresolved exception: AMOUNT_MISMATCH,AMOUNT_MISMATCH
TXN9490,MATCHED,Exact match or verified fee/refund adjustments,EXACT_MATCH
TXN9491,REVIEW,Requires human review: DATE_MISMATCH,DATE_MISMATCH
TXN9492,REVIEW,Requires human review: DUPLICATE_TRANSACTION,DUPLICATE_TRANSACTION
TXN9493,MATCHED,Exact match or verified fee/refund adjustments,EXACT_MATCH
TXN9494,REVIEW,Requires human review: DATE_MISMATCH,DATE_MISMATCH
TXN9495,MATCHED,Exact match or verified fee/refund adjustments,EXACT_MATCH
TXN9496,REVIEW,Requires human review: DUPLICATE_TRANSACTION,DUPLICATE_TRANSACTION
TXN9497,MATCHED,Exact match or verified fee/refund adjustments,FEE_ADJUSTED
TXN9498,MATCHED,Exact match or verified fee/refund adjustments,REFUND_ADJUSTED
TXN9499,MATCHED,Exact match or verified fee/refund adjustments,FEE_ADJUSTED
TXN9500,EXCEPTION,Unresolved exception: AMOUNT_MISMATCH,AMOUNT_MISMATCH
