payment_id,order_id,transaction_id,payment_date,payment_time,amount,payment_status,payment_method
PAY3001,ORD1001,TXN9001,2026-08-02,10:15:00,799.0,CAPTURED,CARD
PAY3002,ORD1002,TXN9002,2026-08-03,10:15:00,1299.0,CAPTURED,UPI
PAY3003,ORD1003,TXN9003,2026-08-04,10:15:00,2499.0,CAPTURED,CARD
PAY3004,ORD1004,TXN9004,2026-08-05,10:15:00,4999.0,CAPTURED,UPI
PAY3005,ORD1005,TXN9005,2026-08-06,10:15:00,7999.0,CAPTURED,CARD
PAY3006,ORD1006,TXN9006,2026-08-07,10:15:00,12499.0,CAPTURED,UPI
PAY3007,ORD1007,TXN9007,2026-08-08,10:15:00,19999.0,CAPTURED,CARD
PAY3008,ORD1008,TXN9008,2026-08-09,10:15:00,29999.0,CAPTURED,UPI
PAY3009,ORD1009,TXN9009,2026-08-10,10:15:00,499.0,CAPTURED,CARD
PAY3010,ORD1010,TXN9010,2026-08-11,10:15:00,799.0,CAPTURED,UPI
PAY3011,ORD1011,TXN9011,2026-08-12,10:15:00,1299.0,CAPTURED,CARD
PAY3012,ORD1012,TXN9012,2026-08-13,10:15:00,2499.0,CAPTURED,UPI
PAY3013,ORD1013,TXN9013,2026-08-14,10:15:00,4999.0,CAPTURED,CARD
PAY3014,ORD1014,TXN9014,2026-08-15,10:15:00,7999.0,CAPTURED,UPI
PAY3015,ORD1015,TXN9015,2026-08-16,10:15:00,12499.0,CAPTURED,CARD
PAY3016,ORD1016,TXN9016,2026-08-17,10:15:00,19999.0,CAPTURED,UPI
PAY3017,ORD1017,TXN9017,2026-08-18,10:15:00,29999.0,CAPTURED,CARD
PAY3018,ORD1018,TXN9018,2026-08-19,10:15:00,499.0,CAPTURED,UPI
PAY3019,ORD1019,TXN9019,2026-08-20,10:15:00,799.0,CAPTURED,CARD
PAY3020,ORD1020,TXN9020,2026-08-01,10:15:00,1299.0,CAPTURED,UPI
PAY3021,ORD1021,TXN9021,2026-08-02,10:15:00,2499.0,CAPTURED,CARD
PAY3022,ORD1022,TXN9022,2026-08-03,10:15:00,4999.0,CAPTURED,UPI
PAY3023,ORD1023,TXN9023,2026-08-04,10:15:00,7999.0,CAPTURED,CARD
PAY3024,ORD1024,TXN9024,2026-08-05,10:15:00,12499.0,CAPTURED,UPI
PAY3025,ORD1025,TXN9025,2026-08-06,10:15:00,19999.0,CAPTURED,CARD
PAY3026,ORD1026,TXN9026,2026-08-07,10:15:00,29999.0,CAPTURED,UPI
PAY3027,ORD1027,TXN9027,2026-08-08,10:15:00,499.0,CAPTURED,CARD
PAY3028,ORD1028,TXN9028,2026-08-09,10:15:00,799.0,CAPTURED,UPI
PAY3029,ORD1029,TXN9029,2026-08-10,10:15:00,1299.0,CAPTURED,CARD
PAY3030,ORD1030,TXN9030,2026-08-11,10:15:00,2499.0,CAPTURED,UPI
PAY3031,ORD1031,TXN9031,2026-08-12,10:15:00,4999.0,CAPTURED,CARD
PAY3032,ORD1032,TXN9032,2026-08-13,10:15:00,7999.0,CAPTURED,UPI
PAY3033,ORD1033,TXN9033,2026-08-14,10:15:00,12499.0,CAPTURED,CARD
PAY3034,ORD1034,TXN9034,2026-08-15,10:15:00,19999.0,CAPTURED,UPI
PAY3035,ORD1035,TXN9035,2026-08-16,10:15:00,29999.0,CAPTURED,CARD
PAY3036,ORD1036,TXN9036,2026-08-17,10:15:00,499.0,CAPTURED,UPI
PAY3037,ORD1037,TXN9037,2026-08-18,10:15:00,799.0,CAPTURED,CARD
PAY3038,ORD1038,TXN9038,2026-08-19,10:15:00,1299.0,CAPTURED,UPI
PAY3039,ORD1039,TXN9039,2026-08-20,10:15:00,2499.0,CAPTURED,CARD
PAY3040,ORD1040,TXN9040,2026-08-01,10:15:00,4999.0,CAPTURED,UPI
PAY3041,ORD1041,TXN9041,2026-08-02,10:15:00,7999.0,CAPTURED,CARD
PAY3042,ORD1042,TXN9042,2026-08-03,10:15:00,12499.0,CAPTURED,UPI
PAY3043,ORD1043,TXN9043,2026-08-04,10:15:00,19999.0,CAPTURED,CARD
PAY3044,ORD1044,TXN9044,2026-08-05,10:15:00,29999.0,CAPTURED,UPI
PAY3045,ORD1045,TXN9045,2026-08-06,10:15:00,499.0,CAPTURED,CARD
PAY3046,ORD1046,TXN9046,2026-08-07,10:15:00,799.0,CAPTURED,UPI
PAY3047,ORD1047,TXN9047,2026-08-08,10:15:00,1299.0,CAPTURED,CARD
PAY3048,ORD1048,TXN9048,2026-08-09,10:15:00,2499.0,CAPTURED,UPI
PAY3049,ORD1049,TXN9049,2026-08-10,10:15:00,4999.0,CAPTURED,CARD
PAY3050,ORD1050,TXN9050,2026-08-11,10:15:00,7999.0,CAPTURED,UPI
PAY3051,ORD1051,TXN9051,2026-08-12,10:15:00,12499.0,CAPTURED,CARD
PAY3052,ORD1052,TXN9052,2026-08-13,10:15:00,19999.0,CAPTURED,UPI
PAY3053,ORD1053,TXN9053,2026-08-14,10:15:00,29999.0,CAPTURED,CARD
PAY3054,ORD1054,TXN9054,2026-08-15,10:15:00,499.0,CAPTURED,UPI
PAY3055,ORD1055,TXN9055,2026-08-16,10:15:00,799.0,CAPTURED,CARD
PAY3056,ORD1056,TXN9056,2026-08-17,10:15:00,1299.0,CAPTURED,UPI
PAY3057,ORD1057,TXN9057,2026-08-18,10:15:00,2499.0,CAPTURED,CARD
PAY3058,ORD1058,TXN9058,2026-08-19,10:15:00,4999.0,CAPTURED,UPI
PAY3059,ORD1059,TXN9059,2026-08-20,10:15:00,7999.0,CAPTURED,CARD
PAY3060,ORD1060,TXN9060,2026-08-01,10:15:00,12499.0,CAPTURED,UPI
PAY3061,ORD1061,TXN9061,2026-08-02,10:15:00,19999.0,CAPTURED,CARD
PAY3062,ORD1062,TXN9062,2026-08-03,10:15:00,29999.0,CAPTURED,UPI
PAY3063,ORD1063,TXN9063,2026-08-04,10:15:00,499.0,CAPTURED,CARD
PAY3064,ORD1064,TXN9064,2026-08-05,10:15:00,799.0,CAPTURED,UPI
PAY3065,ORD1065,TXN9065,2026-08-06,10:15:00,1299.0,CAPTURED,CARD
PAY3066,ORD1066,TXN9066,2026-08-07,10:15:00,2499.0,CAPTURED,UPI
PAY3067,ORD1067,TXN9067,2026-08-08,10:15:00,4999.0,CAPTURED,CARD
PAY3068,ORD1068,TXN9068,2026-08-09,10:15:00,7999.0,CAPTURED,UPI
PAY3069,ORD1069,TXN9069,2026-08-10,10:15:00,12499.0,CAPTURED,CARD
PAY3070,ORD1070,TXN9070,2026-08-11,10:15:00,19999.0,CAPTURED,UPI
PAY3071,ORD1071,TXN9071,2026-08-12,10:15:00,29999.0,CAPTURED,CARD
PAY3072,ORD1072,TXN9072,2026-08-13,10:15:00,499.0,CAPTURED,UPI
PAY3073,ORD1073,TXN9073,2026-08-14,10:15:00,799.0,CAPTURED,CARD
PAY3074,ORD1074,TXN9074,2026-08-15,10:15:00,1299.0,CAPTURED,UPI
PAY3075,ORD1075,TXN9075,2026-08-16,10:15:00,2499.0,CAPTURED,CARD
PAY3076,ORD1076,TXN9076,2026-08-17,10:15:00,4999.0,CAPTURED,UPI
PAY3077,ORD1077,TXN9077,2026-08-18,10:15:00,7999.0,CAPTURED,CARD
PAY3078,ORD1078,TXN9078,2026-08-19,10:15:00,12499.0,CAPTURED,UPI
PAY3079,ORD1079,TXN9079,2026-08-20,10:15:00,19999.0,CAPTURED,CARD
PAY3080,ORD1080,TXN9080,2026-08-01,10:15:00,29999.0,CAPTURED,UPI
PAY3081,ORD1081,TXN9081,2026-08-02,10:15:00,499.0,CAPTURED,CARD
PAY3082,ORD1082,TXN9082,2026-08-03,10:15:00,799.0,CAPTURED,UPI
PAY3083,ORD1083,TXN9083,2026-08-04,10:15:00,1299.0,CAPTURED,CARD
PAY3084,ORD1084,TXN9084,2026-08-05,10:15:00,2499.0,CAPTURED,UPI
PAY3085,ORD1085,TXN9085,2026-08-06,10:15:00,4999.0,CAPTURED,CARD
PAY3086,ORD1086,TXN9086,2026-08-07,10:15:00,7999.0,CAPTURED,UPI
PAY3087,ORD1087,TXN9087,2026-08-08,10:15:00,12499.0,CAPTURED,CARD
PAY3088,ORD1088,TXN9088,2026-08-09,10:15:00,19999.0,CAPTURED,UPI
PAY3089,ORD1089,TXN9089,2026-08-10,10:15:00,29999.0,CAPTURED,CARD
PAY3090,ORD1090,TXN9090,2026-08-11,10:15:00,499.0,CAPTURED,UPI
PAY3091,ORD1091,TXN9091,2026-08-12,10:15:00,799.0,CAPTURED,CARD
PAY3092,ORD1092,TXN9092,2026-08-13,10:15:00,1299.0,CAPTURED,UPI
PAY3093,ORD1093,TXN9093,2026-08-14,10:15:00,2499.0,CAPTURED,CARD
PAY3094,ORD1094,TXN9094,2026-08-15,10:15:00,4999.0,CAPTURED,UPI
PAY3095,ORD1095,TXN9095,2026-08-16,10:15:00,7999.0,CAPTURED,CARD
PAY3096,ORD1096,TXN9096,2026-08-17,10:15:00,12499.0,CAPTURED,UPI
PAY3097,ORD1097,TXN9097,2026-08-18,10:15:00,19999.0,CAPTURED,CARD
PAY3098,ORD1098,TXN9098,2026-08-19,10:15:00,29999.0,CAPTURED,UPI
PAY3099,ORD1099,TXN9099,2026-08-20,10:15:00,499.0,CAPTURED,CARD
PAY3100,ORD1100,TXN9100,2026-08-01,10:15:00,799.0,CAPTURED,UPI
PAY3101,ORD1101,TXN9101,2026-08-02,10:15:00,1299.0,CAPTURED,CARD
PAY3102,ORD1102,TXN9102,2026-08-03,10:15:00,2499.0,CAPTURED,UPI
PAY3103,ORD1103,TXN9103,2026-08-04,10:15:00,4999.0,CAPTURED,CARD
PAY3104,ORD1104,TXN9104,2026-08-05,10:15:00,7999.0,CAPTURED,UPI
PAY3105,ORD1105,TXN9105,2026-08-06,10:15:00,12499.0,CAPTURED,CARD
PAY3106,ORD1106,TXN9106,2026-08-07,10:15:00,19999.0,CAPTURED,UPI
PAY3107,ORD1107,TXN9107,2026-08-08,10:15:00,29999.0,CAPTURED,CARD
PAY3108,ORD1108,TXN9108,2026-08-09,10:15:00,499.0,CAPTURED,UPI
PAY3109,ORD1109,TXN9109,2026-08-10,10:15:00,799.0,CAPTURED,CARD
PAY3110,ORD1110,TXN9110,2026-08-11,10:15:00,1299.0,CAPTURED,UPI
PAY3111,ORD1111,TXN9111,2026-08-12,10:15:00,2499.0,CAPTURED,CARD
PAY3112,ORD1112,TXN9112,2026-08-13,10:15:00,4999.0,CAPTURED,UPI
PAY3113,ORD1113,TXN9113,2026-08-14,10:15:00,7999.0,CAPTURED,CARD
PAY3114,ORD1114,TXN9114,2026-08-15,10:15:00,12499.0,CAPTURED,UPI
PAY3115,ORD1115,TXN9115,2026-08-16,10:15:00,19999.0,CAPTURED,CARD
PAY3116,ORD1116,TXN9116,2026-08-17,10:15:00,29999.0,CAPTURED,UPI
PAY3117,ORD1117,TXN9117,2026-08-18,10:15:00,499.0,CAPTURED,CARD
PAY3118,ORD1118,TXN9118,2026-08-19,10:15:00,799.0,CAPTURED,UPI
PAY3119,ORD1119,TXN9119,2026-08-20,10:15:00,1299.0,CAPTURED,CARD
PAY3120,ORD1120,TXN9120,2026-08-01,10:15:00,2499.0,CAPTURED,UPI
PAY3121,ORD1121,TXN9121,2026-08-02,10:15:00,4999.0,CAPTURED,CARD
PAY3122,ORD1122,TXN9122,2026-08-03,10:15:00,7999.0,CAPTURED,UPI
PAY3123,ORD1123,TXN9123,2026-08-04,10:15:00,12499.0,CAPTURED,CARD
PAY3124,ORD1124,TXN9124,2026-08-05,10:15:00,19999.0,CAPTURED,UPI
PAY3125,ORD1125,TXN9125,2026-08-06,10:15:00,29999.0,CAPTURED,CARD
PAY3126,ORD1126,TXN9126,2026-08-07,10:15:00,499.0,CAPTURED,UPI
PAY3127,ORD1127,TXN9127,2026-08-08,10:15:00,799.0,CAPTURED,CARD
PAY3128,ORD1128,TXN9128,2026-08-09,10:15:00,1299.0,CAPTURED,UPI
PAY3129,ORD1129,TXN9129,2026-08-10,10:15:00,2499.0,CAPTURED,CARD
PAY3130,ORD1130,TXN9130,2026-08-11,10:15:00,4999.0,CAPTURED,UPI
PAY3131,ORD1131,TXN9131,2026-08-12,10:15:00,7999.0,CAPTURED,CARD
PAY3132,ORD1132,TXN9132,2026-08-13,10:15:00,12499.0,CAPTURED,UPI
PAY3133,ORD1133,TXN9133,2026-08-14,10:15:00,19999.0,CAPTURED,CARD
PAY3134,ORD1134,TXN9134,2026-08-15,10:15:00,29999.0,CAPTURED,UPI
PAY3135,ORD1135,TXN9135,2026-08-16,10:15:00,499.0,CAPTURED,CARD
PAY3136,ORD1136,TXN9136,2026-08-17,10:15:00,799.0,CAPTURED,UPI
PAY3137,ORD1137,TXN9137,2026-08-18,10:15:00,1299.0,CAPTURED,CARD
PAY3138,ORD1138,TXN9138,2026-08-19,10:15:00,2499.0,CAPTURED,UPI
PAY3139,ORD1139,TXN9139,2026-08-20,10:15:00,4999.0,CAPTURED,CARD
PAY3140,ORD1140,TXN9140,2026-08-01,10:15:00,7999.0,CAPTURED,UPI
PAY3141,ORD1141,TXN9141,2026-08-02,10:15:00,12499.0,CAPTURED,CARD
PAY3142,ORD1142,TXN9142,2026-08-03,10:15:00,19999.0,CAPTURED,UPI
PAY3143,ORD1143,TXN9143,2026-08-04,10:15:00,29999.0,CAPTURED,CARD
PAY3144,ORD1144,TXN9144,2026-08-05,10:15:00,499.0,CAPTURED,UPI
PAY3145,ORD1145,TXN9145,2026-08-06,10:15:00,799.0,CAPTURED,CARD
PAY3146,ORD1146,TXN9146,2026-08-07,10:15:00,1299.0,CAPTURED,UPI
PAY3147,ORD1147,TXN9147,2026-08-08,10:15:00,2499.0,CAPTURED,CARD
PAY3148,ORD1148,TXN9148,2026-08-09,10:15:00,4999.0,CAPTURED,UPI
PAY3149,ORD1149,TXN9149,2026-08-10,10:15:00,7999.0,CAPTURED,CARD
PAY3150,ORD1150,TXN9150,2026-08-11,10:15:00,12499.0,CAPTURED,UPI
PAY3151,ORD1151,TXN9151,2026-08-12,10:15:00,19999.0,CAPTURED,CARD
PAY3152,ORD1152,TXN9152,2026-08-13,10:15:00,29999.0,CAPTURED,UPI
PAY3153,ORD1153,TXN9153,2026-08-14,10:15:00,499.0,CAPTURED,CARD
PAY3154,ORD1154,TXN9154,2026-08-15,10:15:00,799.0,CAPTURED,UPI
PAY3155,ORD1155,TXN9155,2026-08-16,10:15:00,1299.0,CAPTURED,CARD
PAY3156,ORD1156,TXN9156,2026-08-17,10:15:00,2499.0,CAPTURED,UPI
PAY3157,ORD1157,TXN9157,2026-08-18,10:15:00,4999.0,CAPTURED,CARD
PAY3158,ORD1158,TXN9158,2026-08-19,10:15:00,7999.0,CAPTURED,UPI
PAY3159,ORD1159,TXN9159,2026-08-20,10:15:00,12499.0,CAPTURED,CARD
PAY3160,ORD1160,TXN9160,2026-08-01,10:15:00,19999.0,CAPTURED,UPI
PAY3161,ORD1161,TXN9161,2026-08-02,10:15:00,29999.0,CAPTURED,CARD
PAY3162,ORD1162,TXN9162,2026-08-03,10:15:00,499.0,CAPTURED,UPI
PAY3163,ORD1163,TXN9163,2026-08-04,10:15:00,799.0,CAPTURED,CARD
PAY3164,ORD1164,TXN9164,2026-08-05,10:15:00,1299.0,CAPTURED,UPI
PAY3165,ORD1165,TXN9165,2026-08-06,10:15:00,2499.0,CAPTURED,CARD
PAY3166,ORD1166,TXN9166,2026-08-07,10:15:00,4999.0,CAPTURED,UPI
PAY3167,ORD1167,TXN9167,2026-08-08,10:15:00,7999.0,CAPTURED,CARD
PAY3168,ORD1168,TXN9168,2026-08-09,10:15:00,12499.0,CAPTURED,UPI
PAY3169,ORD1169,TXN9169,2026-08-10,10:15:00,19999.0,CAPTURED,CARD
PAY3170,ORD1170,TXN9170,2026-08-11,10:15:00,29999.0,CAPTURED,UPI
PAY3171,ORD1171,TXN9171,2026-08-12,10:15:00,499.0,CAPTURED,CARD
PAY3172,ORD1172,TXN9172,2026-08-13,10:15:00,799.0,CAPTURED,UPI
PAY3173,ORD1173,TXN9173,2026-08-14,10:15:00,1299.0,CAPTURED,CARD
PAY3174,ORD1174,TXN9174,2026-08-15,10:15:00,2499.0,CAPTURED,UPI
PAY3175,ORD1175,TXN9175,2026-08-16,10:15:00,4999.0,CAPTURED,CARD
PAY3176,ORD1176,TXN9176,2026-08-17,10:15:00,7999.0,CAPTURED,UPI
PAY3177,ORD1177,TXN9177,2026-08-18,10:15:00,12499.0,CAPTURED,CARD
PAY3178,ORD1178,TXN9178,2026-08-19,10:15:00,19999.0,CAPTURED,UPI
PAY3179,ORD1179,TXN9179,2026-08-20,10:15:00,29999.0,CAPTURED,CARD
PAY3180,ORD1180,TXN9180,2026-08-01,10:15:00,499.0,CAPTURED,UPI
PAY3181,ORD1181,TXN9181,2026-08-02,10:15:00,799.0,CAPTURED,CARD
PAY3182,ORD1182,TXN9182,2026-08-03,10:15:00,1299.0,CAPTURED,UPI
PAY3183,ORD1183,TXN9183,2026-08-04,10:15:00,2499.0,CAPTURED,CARD
PAY3184,ORD1184,TXN9184,2026-08-05,10:15:00,4999.0,CAPTURED,UPI
PAY3185,ORD1185,TXN9185,2026-08-06,10:15:00,7999.0,CAPTURED,CARD
PAY3186,ORD1186,TXN9186,2026-08-07,10:15:00,12499.0,CAPTURED,UPI
PAY3187,ORD1187,TXN9187,2026-08-08,10:15:00,19999.0,CAPTURED,CARD
PAY3188,ORD1188,TXN9188,2026-08-09,10:15:00,29999.0,CAPTURED,UPI
PAY3189,ORD1189,TXN9189,2026-08-10,10:15:00,499.0,CAPTURED,CARD
PAY3190,ORD1190,TXN9190,2026-08-11,10:15:00,799.0,CAPTURED,UPI
PAY3191,ORD1191,TXN9191,2026-08-12,10:15:00,1299.0,CAPTURED,CARD
PAY3192,ORD1192,TXN9192,2026-08-13,10:15:00,2499.0,CAPTURED,UPI
PAY3193,ORD1193,TXN9193,2026-08-14,10:15:00,4999.0,CAPTURED,CARD
PAY3194,ORD1194,TXN9194,2026-08-15,10:15:00,7999.0,CAPTURED,UPI
PAY3195,ORD1195,TXN9195,2026-08-16,10:15:00,12499.0,CAPTURED,CARD
PAY3196,ORD1196,TXN9196,2026-08-17,10:15:00,19999.0,CAPTURED,UPI
PAY3197,ORD1197,TXN9197,2026-08-18,10:15:00,29999.0,CAPTURED,CARD
PAY3198,ORD1198,TXN9198,2026-08-19,10:15:00,499.0,CAPTURED,UPI
PAY3199,ORD1199,TXN9199,2026-08-20,10:15:00,799.0,CAPTURED,CARD
PAY3200,ORD1200,TXN9200,2026-08-01,10:15:00,1299.0,CAPTURED,UPI
PAY3201,ORD1201,TXN9201,2026-08-02,10:15:00,2499.0,CAPTURED,CARD
PAY3202,ORD1202,TXN9202,2026-08-03,10:15:00,4999.0,CAPTURED,UPI
PAY3203,ORD1203,TXN9203,2026-08-04,10:15:00,7999.0,CAPTURED,CARD
PAY3204,ORD1204,TXN9204,2026-08-05,10:15:00,12499.0,CAPTURED,UPI
PAY3205,ORD1205,TXN9205,2026-08-06,10:15:00,19999.0,CAPTURED,CARD
PAY3206,ORD1206,TXN9206,2026-08-07,10:15:00,29999.0,CAPTURED,UPI
PAY3207,ORD1207,TXN9207,2026-08-08,10:15:00,499.0,CAPTURED,CARD
PAY3208,ORD1208,TXN9208,2026-08-09,10:15:00,799.0,CAPTURED,UPI
PAY3209,ORD1209,TXN9209,2026-08-10,10:15:00,1299.0,CAPTURED,CARD
PAY3210,ORD1210,TXN9210,2026-08-11,10:15:00,2499.0,CAPTURED,UPI
PAY3211,ORD1211,TXN9211,2026-08-12,10:15:00,4999.0,CAPTURED,CARD
PAY3212,ORD1212,TXN9212,2026-08-13,10:15:00,7999.0,CAPTURED,UPI
PAY3213,ORD1213,TXN9213,2026-08-14,10:15:00,12499.0,CAPTURED,CARD
PAY3214,ORD1214,TXN9214,2026-08-15,10:15:00,19999.0,CAPTURED,UPI
PAY3215,ORD1215,TXN9215,2026-08-16,10:15:00,29999.0,CAPTURED,CARD
PAY3216,ORD1216,TXN9216,2026-08-17,10:15:00,499.0,CAPTURED,UPI
PAY3217,ORD1217,TXN9217,2026-08-18,10:15:00,799.0,CAPTURED,CARD
PAY3218,ORD1218,TXN9218,2026-08-19,10:15:00,1299.0,CAPTURED,UPI
PAY3219,ORD1219,TXN9219,2026-08-20,10:15:00,2499.0,CAPTURED,CARD
PAY3220,ORD1220,TXN9220,2026-08-01,10:15:00,4999.0,CAPTURED,UPI
PAY3221,ORD1221,TXN9221,2026-08-02,10:15:00,7999.0,CAPTURED,CARD
PAY3222,ORD1222,TXN9222,2026-08-03,10:15:00,12499.0,CAPTURED,UPI
PAY3223,ORD1223,TXN9223,2026-08-04,10:15:00,19999.0,CAPTURED,CARD
PAY3224,ORD1224,TXN9224,2026-08-05,10:15:00,29999.0,CAPTURED,UPI
PAY3225,ORD1225,TXN9225,2026-08-06,10:15:00,499.0,CAPTURED,CARD
PAY3226,ORD1226,TXN9226,2026-08-07,10:15:00,799.0,CAPTURED,UPI
PAY3227,ORD1227,TXN9227,2026-08-08,10:15:00,1299.0,CAPTURED,CARD
PAY3228,ORD1228,TXN9228,2026-08-09,10:15:00,2499.0,CAPTURED,UPI
PAY3229,ORD1229,TXN9229,2026-08-10,10:15:00,4999.0,CAPTURED,CARD
PAY3230,ORD1230,TXN9230,2026-08-11,10:15:00,7999.0,CAPTURED,UPI
PAY3231,ORD1231,TXN9231,2026-08-12,10:15:00,12499.0,CAPTURED,CARD
PAY3232,ORD1232,TXN9232,2026-08-13,10:15:00,19999.0,CAPTURED,UPI
PAY3233,ORD1233,TXN9233,2026-08-14,10:15:00,29999.0,CAPTURED,CARD
PAY3234,ORD1234,TXN9234,2026-08-15,10:15:00,499.0,CAPTURED,UPI
PAY3235,ORD1235,TXN9235,2026-08-16,10:15:00,799.0,CAPTURED,CARD
PAY3236,ORD1236,TXN9236,2026-08-17,10:15:00,1299.0,CAPTURED,UPI
PAY3237,ORD1237,TXN9237,2026-08-18,10:15:00,2499.0,CAPTURED,CARD
PAY3238,ORD1238,TXN9238,2026-08-19,10:15:00,4999.0,CAPTURED,UPI
PAY3239,ORD1239,TXN9239,2026-08-20,10:15:00,7999.0,CAPTURED,CARD
PAY3240,ORD1240,TXN9240,2026-08-01,10:15:00,12499.0,CAPTURED,UPI
PAY3241,ORD1241,TXN9241,2026-08-02,10:15:00,19999.0,CAPTURED,CARD
PAY3242,ORD1242,TXN9242,2026-08-03,10:15:00,29999.0,CAPTURED,UPI
PAY3243,ORD1243,TXN9243,2026-08-04,10:15:00,499.0,CAPTURED,CARD
PAY3244,ORD1244,TXN9244,2026-08-05,10:15:00,799.0,CAPTURED,UPI
PAY3245,ORD1245,TXN9245,2026-08-06,10:15:00,1299.0,CAPTURED,CARD
PAY3246,ORD1246,TXN9246,2026-08-07,10:15:00,2499.0,CAPTURED,UPI
PAY3247,ORD1247,TXN9247,2026-08-08,10:15:00,4999.0,CAPTURED,CARD
PAY3248,ORD1248,TXN9248,2026-08-09,10:15:00,7999.0,CAPTURED,UPI
PAY3249,ORD1249,TXN9249,2026-08-10,10:15:00,12499.0,CAPTURED,CARD
PAY3250,ORD1250,TXN9250,2026-08-11,10:15:00,19999.0,CAPTURED,UPI
PAY3251,ORD1251,TXN9251,2026-08-12,10:15:00,29999.0,CAPTURED,CARD
PAY3252,ORD1252,TXN9252,2026-08-13,10:15:00,499.0,CAPTURED,UPI
PAY3253,ORD1253,TXN9253,2026-08-14,10:15:00,799.0,CAPTURED,CARD
PAY3254,ORD1254,TXN9254,2026-08-15,10:15:00,1299.0,CAPTURED,UPI
PAY3255,ORD1255,TXN9255,2026-08-16,10:15:00,2499.0,CAPTURED,CARD
PAY3256,ORD1256,TXN9256,2026-08-17,10:15:00,4999.0,CAPTURED,UPI
PAY3257,ORD1257,TXN9257,2026-08-18,10:15:00,7999.0,CAPTURED,CARD
PAY3258,ORD1258,TXN9258,2026-08-19,10:15:00,12499.0,CAPTURED,UPI
PAY3259,ORD1259,TXN9259,2026-08-20,10:15:00,19999.0,CAPTURED,CARD
PAY3260,ORD1260,TXN9260,2026-08-01,10:15:00,29999.0,CAPTURED,UPI
PAY3261,ORD1261,TXN9261,2026-08-02,10:15:00,499.0,CAPTURED,CARD
PAY3262,ORD1262,TXN9262,2026-08-03,10:15:00,799.0,CAPTURED,UPI
PAY3263,ORD1263,TXN9263,2026-08-04,10:15:00,1299.0,CAPTURED,CARD
PAY3264,ORD1264,TXN9264,2026-08-05,10:15:00,2499.0,CAPTURED,UPI
PAY3265,ORD1265,TXN9265,2026-08-06,10:15:00,4999.0,CAPTURED,CARD
PAY3266,ORD1266,TXN9266,2026-08-07,10:15:00,7999.0,CAPTURED,UPI
PAY3267,ORD1267,TXN9267,2026-08-08,10:15:00,12499.0,CAPTURED,CARD
PAY3268,ORD1268,TXN9268,2026-08-09,10:15:00,19999.0,CAPTURED,UPI
PAY3269,ORD1269,TXN9269,2026-08-10,10:15:00,29999.0,CAPTURED,CARD
PAY3270,ORD1270,TXN9270,2026-08-11,10:15:00,499.0,CAPTURED,UPI
PAY3271,ORD1271,TXN9271,2026-08-12,10:15:00,799.0,CAPTURED,CARD
PAY3272,ORD1272,TXN9272,2026-08-13,10:15:00,1299.0,CAPTURED,UPI
PAY3273,ORD1273,TXN9273,2026-08-14,10:15:00,2499.0,CAPTURED,CARD
PAY3274,ORD1274,TXN9274,2026-08-15,10:15:00,4999.0,CAPTURED,UPI
PAY3275,ORD1275,TXN9275,2026-08-16,10:15:00,7999.0,CAPTURED,CARD
PAY3276,ORD1276,TXN9276,2026-08-17,10:15:00,12499.0,CAPTURED,UPI
PAY3277,ORD1277,TXN9277,2026-08-18,10:15:00,19999.0,CAPTURED,CARD
PAY3278,ORD1278,TXN9278,2026-08-19,10:15:00,29999.0,CAPTURED,UPI
PAY3279,ORD1279,TXN9279,2026-08-20,10:15:00,499.0,CAPTURED,CARD
PAY3280,ORD1280,TXN9280,2026-08-01,10:15:00,799.0,CAPTURED,UPI
PAY3281,ORD1281,TXN9281,2026-08-02,10:15:00,1299.0,CAPTURED,CARD
PAY3282,ORD1282,TXN9282,2026-08-03,10:15:00,2499.0,CAPTURED,UPI
PAY3283,ORD1283,TXN9283,2026-08-04,10:15:00,4999.0,CAPTURED,CARD
PAY3284,ORD1284,TXN9284,2026-08-05,10:15:00,7999.0,CAPTURED,UPI
PAY3285,ORD1285,TXN9285,2026-08-06,10:15:00,12499.0,CAPTURED,CARD
PAY3286,ORD1286,TXN9286,2026-08-07,10:15:00,19999.0,CAPTURED,UPI
PAY3287,ORD1287,TXN9287,2026-08-08,10:15:00,29999.0,CAPTURED,CARD
PAY3288,ORD1288,TXN9288,2026-08-09,10:15:00,499.0,CAPTURED,UPI
PAY3289,ORD1289,TXN9289,2026-08-10,10:15:00,799.0,CAPTURED,CARD
PAY3290,ORD1290,TXN9290,2026-08-11,10:15:00,1299.0,CAPTURED,UPI
PAY3291,ORD1291,TXN9291,2026-08-12,10:15:00,2499.0,CAPTURED,CARD
PAY3292,ORD1292,TXN9292,2026-08-13,10:15:00,4999.0,CAPTURED,UPI
PAY3293,ORD1293,TXN9293,2026-08-14,10:15:00,7999.0,CAPTURED,CARD
PAY3294,ORD1294,TXN9294,2026-08-15,10:15:00,12499.0,CAPTURED,UPI
PAY3295,ORD1295,TXN9295,2026-08-16,10:15:00,19999.0,CAPTURED,CARD
PAY3296,ORD1296,TXN9296,2026-08-17,10:15:00,29999.0,CAPTURED,UPI
PAY3297,ORD1297,TXN9297,2026-08-18,10:15:00,499.0,CAPTURED,CARD
PAY3298,ORD1298,TXN9298,2026-08-19,10:15:00,799.0,CAPTURED,UPI
PAY3299,ORD1299,TXN9299,2026-08-20,10:15:00,1299.0,CAPTURED,CARD
PAY3300,ORD1300,TXN9300,2026-08-01,10:15:00,2499.0,CAPTURED,UPI
PAY3301,ORD1301,TXN9301,2026-08-02,10:15:00,4999.0,CAPTURED,CARD
PAY3302,ORD1302,TXN9302,2026-08-03,10:15:00,7999.0,CAPTURED,UPI
PAY3303,ORD1303,TXN9303,2026-08-04,10:15:00,12499.0,CAPTURED,CARD
PAY3304,ORD1304,TXN9304,2026-08-05,10:15:00,19999.0,CAPTURED,UPI
PAY3305,ORD1305,TXN9305,2026-08-06,10:15:00,29999.0,CAPTURED,CARD
PAY3306,ORD1306,TXN9306,2026-08-07,10:15:00,499.0,CAPTURED,UPI
PAY3307,ORD1307,TXN9307,2026-08-08,10:15:00,799.0,CAPTURED,CARD
PAY3308,ORD1308,TXN9308,2026-08-09,10:15:00,1299.0,CAPTURED,UPI
PAY3309,ORD1309,TXN9309,2026-08-10,10:15:00,2499.0,CAPTURED,CARD
PAY3310,ORD1310,TXN9310,2026-08-11,10:15:00,4999.0,CAPTURED,UPI
PAY3311,ORD1311,TXN9311,2026-08-12,10:15:00,7999.0,CAPTURED,CARD
PAY3312,ORD1312,TXN9312,2026-08-13,10:15:00,12499.0,CAPTURED,UPI
PAY3313,ORD1313,TXN9313,2026-08-14,10:15:00,19999.0,CAPTURED,CARD
PAY3314,ORD1314,TXN9314,2026-08-15,10:15:00,29999.0,CAPTURED,UPI
PAY3315,ORD1315,TXN9315,2026-08-16,10:15:00,499.0,CAPTURED,CARD
PAY3316,ORD1316,TXN9316,2026-08-17,10:15:00,799.0,CAPTURED,UPI
PAY3317,ORD1317,TXN9317,2026-08-18,10:15:00,1299.0,CAPTURED,CARD
PAY3318,ORD1318,TXN9318,2026-08-19,10:15:00,2499.0,CAPTURED,UPI
PAY3319,ORD1319,TXN9319,2026-08-20,10:15:00,4999.0,CAPTURED,CARD
PAY3320,ORD1320,TXN9320,2026-08-01,10:15:00,7999.0,CAPTURED,UPI
PAY3321,ORD1321,TXN9321,2026-08-02,10:15:00,12499.0,CAPTURED,CARD
PAY3322,ORD1322,TXN9322,2026-08-03,10:15:00,19999.0,CAPTURED,UPI
PAY3323,ORD1323,TXN9323,2026-08-04,10:15:00,29999.0,CAPTURED,CARD
PAY3324,ORD1324,TXN9324,2026-08-05,10:15:00,499.0,CAPTURED,UPI
PAY3325,ORD1325,TXN9325,2026-08-06,10:15:00,799.0,CAPTURED,CARD
PAY3326,ORD1326,TXN9326,2026-08-07,10:15:00,1299.0,CAPTURED,UPI
PAY3327,ORD1327,TXN9327,2026-08-08,10:15:00,2499.0,CAPTURED,CARD
PAY3328,ORD1328,TXN9328,2026-08-09,10:15:00,4999.0,CAPTURED,UPI
PAY3329,ORD1329,TXN9329,2026-08-10,10:15:00,7999.0,CAPTURED,CARD
PAY3330,ORD1330,TXN9330,2026-08-11,10:15:00,12499.0,CAPTURED,UPI
PAY3331,ORD1331,TXN9331,2026-08-12,10:15:00,19999.0,CAPTURED,CARD
PAY3332,ORD1332,TXN9332,2026-08-13,10:15:00,29999.0,CAPTURED,UPI
PAY3333,ORD1333,TXN9333,2026-08-14,10:15:00,499.0,CAPTURED,CARD
PAY3334,ORD1334,TXN9334,2026-08-15,10:15:00,799.0,CAPTURED,UPI
PAY3335,ORD1335,TXN9335,2026-08-16,10:15:00,1299.0,CAPTURED,CARD
PAY3336,ORD1336,TXN9336,2026-08-17,10:15:00,2499.0,CAPTURED,UPI
PAY3337,ORD1337,TXN9337,2026-08-18,10:15:00,4999.0,CAPTURED,CARD
PAY3338,ORD1338,TXN9338,2026-08-19,10:15:00,7999.0,CAPTURED,UPI
PAY3339,ORD1339,TXN9339,2026-08-20,10:15:00,12499.0,CAPTURED,CARD
PAY3340,ORD1340,TXN9340,2026-08-01,10:15:00,19999.0,CAPTURED,UPI
PAY3341,ORD1341,TXN9341,2026-08-02,10:15:00,29999.0,CAPTURED,CARD
PAY3342,ORD1342,TXN9342,2026-08-03,10:15:00,499.0,CAPTURED,UPI
PAY3343,ORD1343,TXN9343,2026-08-04,10:15:00,799.0,CAPTURED,CARD
PAY3344,ORD1344,TXN9344,2026-08-05,10:15:00,1299.0,CAPTURED,UPI
PAY3345,ORD1345,TXN9345,2026-08-06,10:15:00,2499.0,CAPTURED,CARD
PAY3346,ORD1346,TXN9346,2026-08-07,10:15:00,4999.0,CAPTURED,UPI
PAY3347,ORD1347,TXN9347,2026-08-08,10:15:00,7999.0,CAPTURED,CARD
PAY3348,ORD1348,TXN9348,2026-08-09,10:15:00,12499.0,CAPTURED,UPI
PAY3349,ORD1349,TXN9349,2026-08-10,10:15:00,19999.0,CAPTURED,CARD
PAY3350,ORD1350,TXN9350,2026-08-11,10:15:00,29999.0,CAPTURED,UPI
PAY3351,ORD1351,TXN9351,2026-08-12,10:15:00,499.0,CAPTURED,CARD
PAY3352,ORD1352,TXN9352,2026-08-13,10:15:00,799.0,CAPTURED,UPI
PAY3353,ORD1353,TXN9353,2026-08-14,10:15:00,1299.0,CAPTURED,CARD
PAY3354,ORD1354,TXN9354,2026-08-15,10:15:00,2499.0,CAPTURED,UPI
PAY3355,ORD1355,TXN9355,2026-08-16,10:15:00,4999.0,CAPTURED,CARD
PAY3356,ORD1356,TXN9356,2026-08-17,10:15:00,7999.0,CAPTURED,UPI
PAY3357,ORD1357,TXN9357,2026-08-18,10:15:00,12499.0,CAPTURED,CARD
PAY3358,ORD1358,TXN9358,2026-08-19,10:15:00,19999.0,CAPTURED,UPI
PAY3359,ORD1359,TXN9359,2026-08-20,10:15:00,29999.0,CAPTURED,CARD
PAY3360,ORD1360,TXN9360,2026-08-01,10:15:00,499.0,CAPTURED,UPI
PAY3361,ORD1361,TXN9361,2026-08-02,10:15:00,799.0,CAPTURED,CARD
PAY3362,ORD1362,TXN9362,2026-08-03,10:15:00,1299.0,CAPTURED,UPI
PAY3363,ORD1363,TXN9363,2026-08-04,10:15:00,2499.0,CAPTURED,CARD
PAY3364,ORD1364,TXN9364,2026-08-05,10:15:00,4999.0,CAPTURED,UPI
PAY3365,ORD1365,TXN9365,2026-08-06,10:15:00,7999.0,CAPTURED,CARD
PAY3366,ORD1366,TXN9366,2026-08-07,10:15:00,12499.0,CAPTURED,UPI
PAY3367,ORD1367,TXN9367,2026-08-08,10:15:00,19999.0,CAPTURED,CARD
PAY3368,ORD1368,TXN9368,2026-08-09,10:15:00,29999.0,CAPTURED,UPI
PAY3369,ORD1369,TXN9369,2026-08-10,10:15:00,499.0,CAPTURED,CARD
PAY3370,ORD1370,TXN9370,2026-08-11,10:15:00,799.0,CAPTURED,UPI
PAY3371,ORD1371,TXN9371,2026-08-12,10:15:00,1299.0,CAPTURED,CARD
PAY3372,ORD1372,TXN9372,2026-08-13,10:15:00,2499.0,CAPTURED,UPI
PAY3373,ORD1373,TXN9373,2026-08-14,10:15:00,4999.0,CAPTURED,CARD
PAY3374,ORD1374,TXN9374,2026-08-15,10:15:00,7999.0,CAPTURED,UPI
PAY3375,ORD1375,TXN9375,2026-08-16,10:15:00,12499.0,CAPTURED,CARD
PAY3376,ORD1376,TXN9376,2026-08-17,10:15:00,19999.0,CAPTURED,UPI
PAY3377,ORD1377,TXN9377,2026-08-18,10:15:00,29999.0,CAPTURED,CARD
PAY3378,ORD1378,TXN9378,2026-08-19,10:15:00,499.0,CAPTURED,UPI
PAY3379,ORD1379,TXN9379,2026-08-20,10:15:00,799.0,CAPTURED,CARD
PAY3380,ORD1380,TXN9380,2026-08-01,10:15:00,1299.0,CAPTURED,UPI
PAY3381,ORD1381,TXN9381,2026-08-02,10:15:00,2499.0,CAPTURED,CARD
PAY3382,ORD1382,TXN9382,2026-08-03,10:15:00,4999.0,CAPTURED,UPI
PAY3383,ORD1383,TXN9383,2026-08-04,10:15:00,7999.0,CAPTURED,CARD
PAY3384,ORD1384,TXN9384,2026-08-05,10:15:00,12499.0,CAPTURED,UPI
PAY3385,ORD1385,TXN9385,2026-08-06,10:15:00,19999.0,CAPTURED,CARD
PAY3386,ORD1386,TXN9386,2026-08-07,10:15:00,29999.0,CAPTURED,UPI
PAY3387,ORD1387,TXN9387,2026-08-08,10:15:00,499.0,CAPTURED,CARD
PAY3388,ORD1388,TXN9388,2026-08-09,10:15:00,799.0,CAPTURED,UPI
PAY3389,ORD1389,TXN9389,2026-08-10,10:15:00,1299.0,CAPTURED,CARD
PAY3390,ORD1390,TXN9390,2026-08-11,10:15:00,2499.0,CAPTURED,UPI
PAY3391,ORD1391,TXN9391,2026-08-12,10:15:00,4999.0,CAPTURED,CARD
PAY3392,ORD1392,TXN9392,2026-08-13,10:15:00,7999.0,CAPTURED,UPI
PAY3393,ORD1393,TXN9393,2026-08-14,10:15:00,12499.0,CAPTURED,CARD
PAY3394,ORD1394,TXN9394,2026-08-15,10:15:00,19999.0,CAPTURED,UPI
PAY3395,ORD1395,TXN9395,2026-08-16,10:15:00,29999.0,CAPTURED,CARD
PAY3396,ORD1396,TXN9396,2026-08-17,10:15:00,499.0,CAPTURED,UPI
PAY3397,ORD1397,TXN9397,2026-08-18,10:15:00,799.0,CAPTURED,CARD
PAY3398,ORD1398,TXN9398,2026-08-19,10:15:00,1299.0,CAPTURED,UPI
PAY3399,ORD1399,TXN9399,2026-08-20,10:15:00,2499.0,CAPTURED,CARD
PAY3400,ORD1400,TXN9400,2026-08-01,10:15:00,4999.0,CAPTURED,UPI
PAY3401,ORD1401,TXN9401,2026-08-02,10:15:00,7999.0,CAPTURED,CARD
PAY3402,ORD1402,TXN9402,2026-08-03,10:15:00,12499.0,CAPTURED,UPI
PAY3403,ORD1403,TXN9403,2026-08-04,10:15:00,19999.0,CAPTURED,CARD
PAY3404,ORD1404,TXN9404,2026-08-05,10:15:00,29999.0,CAPTURED,UPI
PAY3405,ORD1405,TXN9405,2026-08-06,10:15:00,499.0,CAPTURED,CARD
PAY3406,ORD1406,TXN9406,2026-08-07,10:15:00,799.0,CAPTURED,UPI
PAY3407,ORD1407,TXN9407,2026-08-08,10:15:00,1299.0,CAPTURED,CARD
PAY3408,ORD1408,TXN9408,2026-08-09,10:15:00,2499.0,CAPTURED,UPI
PAY3409,ORD1409,TXN9409,2026-08-10,10:15:00,4999.0,CAPTURED,CARD
PAY3410,ORD1410,TXN9410,2026-08-11,10:15:00,7999.0,CAPTURED,UPI
PAY3411,ORD1411,TXN9411,2026-08-12,10:15:00,12499.0,CAPTURED,CARD
PAY3412,ORD1412,TXN9412,2026-08-13,10:15:00,19999.0,CAPTURED,UPI
PAY3413,ORD1413,TXN9413,2026-08-14,10:15:00,29999.0,CAPTURED,CARD
PAY3414,ORD1414,TXN9414,2026-08-15,10:15:00,499.0,CAPTURED,UPI
PAY3415,ORD1415,TXN9415,2026-08-16,10:15:00,799.0,CAPTURED,CARD
PAY3416,ORD1416,TXN9416,2026-08-17,10:15:00,1299.0,CAPTURED,UPI
PAY3417,ORD1417,TXN9417,2026-08-18,10:15:00,2499.0,CAPTURED,CARD
PAY3418,ORD1418,TXN9418,2026-08-19,10:15:00,4999.0,CAPTURED,UPI
PAY3419,ORD1419,TXN9419,2026-08-20,10:15:00,7999.0,CAPTURED,CARD
PAY3420,ORD1420,TXN9420,2026-08-01,10:15:00,12499.0,CAPTURED,UPI
PAY3421,ORD1421,TXN9421,2026-08-02,10:15:00,19999.0,CAPTURED,CARD
PAY3422,ORD1422,TXN9422,2026-08-03,10:15:00,29999.0,CAPTURED,UPI
PAY3423,ORD1423,TXN9423,2026-08-04,10:15:00,499.0,CAPTURED,CARD
PAY3424,ORD1424,TXN9424,2026-08-05,10:15:00,799.0,CAPTURED,UPI
PAY3425,ORD1425,TXN9425,2026-08-06,10:15:00,1299.0,CAPTURED,CARD
PAY3426,ORD1426,TXN9426,2026-08-07,10:15:00,2499.0,CAPTURED,UPI
PAY3427,ORD1427,TXN9427,2026-08-08,10:15:00,4999.0,CAPTURED,CARD
PAY3428,ORD1428,TXN9428,2026-08-09,10:15:00,7999.0,CAPTURED,UPI
PAY3429,ORD1429,TXN9429,2026-08-10,10:15:00,12499.0,CAPTURED,CARD
PAY3430,ORD1430,TXN9430,2026-08-11,10:15:00,19999.0,CAPTURED,UPI
PAY3431,ORD1431,TXN9431,2026-08-12,10:15:00,29999.0,CAPTURED,CARD
PAY3432,ORD1432,TXN9432,2026-08-13,10:15:00,499.0,CAPTURED,UPI
PAY3433,ORD1433,TXN9433,2026-08-14,10:15:00,799.0,CAPTURED,CARD
PAY3434,ORD1434,TXN9434,2026-08-15,10:15:00,1299.0,CAPTURED,UPI
PAY3435,ORD1435,TXN9435,2026-08-16,10:15:00,2499.0,CAPTURED,CARD
PAY3436,ORD1436,TXN9436,2026-08-17,10:15:00,4999.0,CAPTURED,UPI
PAY3437,ORD1437,TXN9437,2026-08-18,10:15:00,7999.0,CAPTURED,CARD
PAY3438,ORD1438,TXN9438,2026-08-19,10:15:00,12499.0,CAPTURED,UPI
PAY3439,ORD1439,TXN9439,2026-08-20,10:15:00,19999.0,CAPTURED,CARD
PAY3440,ORD1440,TXN9440,2026-08-01,10:15:00,29999.0,CAPTURED,UPI
PAY3441,ORD1441,TXN9441,2026-08-02,10:15:00,499.0,CAPTURED,CARD
PAY3442,ORD1442,TXN9442,2026-08-03,10:15:00,799.0,CAPTURED,UPI
PAY3443,ORD1443,TXN9443,2026-08-04,10:15:00,1299.0,CAPTURED,CARD
PAY3444,ORD1444,TXN9444,2026-08-05,10:15:00,2499.0,CAPTURED,UPI
PAY3445,ORD1445,TXN9445,2026-08-06,10:15:00,4999.0,CAPTURED,CARD
PAY3446,ORD1446,TXN9446,2026-08-07,10:15:00,7999.0,CAPTURED,UPI
PAY3447,ORD1447,TXN9447,2026-08-08,10:15:00,12499.0,CAPTURED,CARD
PAY3448,ORD1448,TXN9448,2026-08-09,10:15:00,19999.0,CAPTURED,UPI
PAY3449,ORD1449,TXN9449,2026-08-10,10:15:00,29999.0,CAPTURED,CARD
PAY3450,ORD1450,TXN9450,2026-08-11,10:15:00,499.0,CAPTURED,UPI
PAY3451,ORD1451,TXN9451,2026-08-12,10:15:00,799.0,CAPTURED,CARD
PAY3452,ORD1452,TXN9452,2026-08-13,10:15:00,1299.0,CAPTURED,UPI
PAY3453,ORD1453,TXN9453,2026-08-14,10:15:00,2499.0,CAPTURED,CARD
PAY3454,ORD1454,TXN9454,2026-08-15,10:15:00,4999.0,CAPTURED,UPI
PAY3455,ORD1455,TXN9455,2026-08-16,10:15:00,7999.0,CAPTURED,CARD
PAY3456,ORD1456,TXN9456,2026-08-17,10:15:00,12499.0,CAPTURED,UPI
PAY3457,ORD1457,TXN9457,2026-08-18,10:15:00,19999.0,CAPTURED,CARD
PAY3458,ORD1458,TXN9458,2026-08-19,10:15:00,29999.0,CAPTURED,UPI
PAY3459,ORD1459,TXN9459,2026-08-20,10:15:00,499.0,CAPTURED,CARD
PAY3460,ORD1460,TXN9460,2026-08-01,10:15:00,799.0,CAPTURED,UPI
PAY3461,ORD1461,TXN9461,2026-08-02,10:15:00,1299.0,CAPTURED,CARD
PAY3462,ORD1462,TXN9462,2026-08-03,10:15:00,2499.0,CAPTURED,UPI
PAY3463,ORD1463,TXN9463,2026-08-04,10:15:00,4999.0,CAPTURED,CARD
PAY3464,ORD1464,TXN9464,2026-08-05,10:15:00,7999.0,CAPTURED,UPI
PAY3465,ORD1465,TXN9465,2026-08-06,10:15:00,12499.0,CAPTURED,CARD
PAY3466,ORD1466,TXN9466,2026-08-07,10:15:00,19999.0,CAPTURED,UPI
PAY3467,ORD1467,TXN9467,2026-08-08,10:15:00,29999.0,CAPTURED,CARD
PAY3468,ORD1468,TXN9468,2026-08-09,10:15:00,499.0,CAPTURED,UPI
PAY3469,ORD1469,TXN9469,2026-08-10,10:15:00,799.0,CAPTURED,CARD
PAY3470,ORD1470,TXN9470,2026-08-11,10:15:00,1299.0,CAPTURED,UPI
PAY3471,ORD1471,TXN9471,2026-08-12,10:15:00,2499.0,CAPTURED,CARD
PAY3472,ORD1472,TXN9472,2026-08-13,10:15:00,4999.0,CAPTURED,UPI
PAY3473,ORD1473,TXN9473,2026-08-14,10:15:00,7999.0,CAPTURED,CARD
PAY3474,ORD1474,TXN9474,2026-08-15,10:15:00,12499.0,CAPTURED,UPI
PAY3475,ORD1475,TXN9475,2026-08-16,10:15:00,19999.0,CAPTURED,CARD
PAY3476,ORD1476,TXN9476,2026-08-17,10:15:00,29999.0,CAPTURED,UPI
PAY3477,ORD1477,TXN9477,2026-08-18,10:15:00,499.0,CAPTURED,CARD
PAY3478,ORD1478,TXN9478,2026-08-19,10:15:00,799.0,CAPTURED,UPI
PAY3479,ORD1479,TXN9479,2026-08-20,10:15:00,1299.0,CAPTURED,CARD
PAY3480,ORD1480,TXN9480,2026-08-01,10:15:00,2499.0,CAPTURED,UPI
PAY3481,ORD1481,TXN9481,2026-08-02,10:15:00,4999.0,CAPTURED,CARD
PAY3482,ORD1482,TXN9482,2026-08-03,10:15:00,7999.0,CAPTURED,UPI
PAY3483,ORD1483,TXN9483,2026-08-04,10:15:00,12499.0,CAPTURED,CARD
PAY3484,ORD1484,TXN9484,2026-08-05,10:15:00,19999.0,CAPTURED,UPI
PAY3485,ORD1485,TXN9485,2026-08-06,10:15:00,29999.0,CAPTURED,CARD
PAY3486,ORD1486,TXN9486,2026-08-07,10:15:00,499.0,CAPTURED,UPI
PAY3487,ORD1487,TXN9487,2026-08-08,10:15:00,799.0,CAPTURED,CARD
PAY3488,ORD1488,TXN9488,2026-08-09,10:15:00,1299.0,CAPTURED,UPI
PAY3489,ORD1489,TXN9489,2026-08-10,10:15:00,2499.0,CAPTURED,CARD
PAY3490,ORD1490,TXN9490,2026-08-11,10:15:00,4999.0,CAPTURED,UPI
PAY3491,ORD1491,TXN9491,2026-08-12,10:15:00,7999.0,CAPTURED,CARD
PAY3492,ORD1492,TXN9492,2026-08-13,10:15:00,12499.0,CAPTURED,UPI
PAY3493,ORD1493,TXN9493,2026-08-14,10:15:00,19999.0,CAPTURED,CARD
PAY3494,ORD1494,TXN9494,2026-08-15,10:15:00,29999.0,CAPTURED,UPI
PAY3495,ORD1495,TXN9495,2026-08-16,10:15:00,499.0,CAPTURED,CARD
PAY3496,ORD1496,TXN9496,2026-08-17,10:15:00,799.0,CAPTURED,UPI
PAY3497,ORD1497,TXN9497,2026-08-18,10:15:00,1299.0,CAPTURED,CARD
PAY3498,ORD1498,TXN9498,2026-08-19,10:15:00,2499.0,CAPTURED,UPI
PAY3499,ORD1499,TXN9499,2026-08-20,10:15:00,4999.0,CAPTURED,CARD
PAY3500,ORD1500,TXN9500,2026-08-01,10:15:00,7999.0,CAPTURED,UPI
